<powerpagecomponent powerpagecomponentid="f59cf85c-d4e2-4251-9e5e-4032fdebfa62">
  <content>{"createdOn":"2024-10-24T20:15:43.631Z","parentpageid":"778b4420-6ecc-49d4-9b59-6e01d0a65d0a","publishingstateid":"47b68c5e-d545-4a4f-8783-a7d757139d20","partialurl":"Smiling-male-doctor-talking-in-clinic-corridor.jpg","title":"","summary":"","enabletracking":false,"excludefromsearch":false,"hiddenfromsitemap":false}</content>
  <filecontent mimetype="image/jpeg">Smiling-male-doctor-talking-in-clinic-corridor.jpg</filecontent>
  <iscustomizable>1</iscustomizable>
  <name>Smiling-male-doctor-talking-in-clinic-corridor.jpg</name>
  <powerpagecomponenttype>3</powerpagecomponenttype>
  <powerpagesiteid>
    <powerpagesiteid>b23a439a-3767-4574-9af6-0df99f64a560</powerpagesiteid>
  </powerpagesiteid>
  <statecode>0</statecode>
  <statuscode>1</statuscode>
</powerpagecomponent>