<powerpagecomponent powerpagecomponentid="e505d23d-b265-4bee-8e4c-be190ca809a2">
  <content>{"createdOn":"2024-10-24T19:16:16.463Z","parentpageid":"778b4420-6ecc-49d4-9b59-6e01d0a65d0a","publishingstateid":"47b68c5e-d545-4a4f-8783-a7d757139d20","partialurl":"Smiling-hospital-staff.jpg","title":"","summary":"","enabletracking":false,"excludefromsearch":false,"hiddenfromsitemap":false}</content>
  <filecontent mimetype="image/jpeg">Smiling-hospital-staff.jpg</filecontent>
  <iscustomizable>1</iscustomizable>
  <name>Smiling-hospital-staff.jpg</name>
  <powerpagecomponenttype>3</powerpagecomponenttype>
  <powerpagesiteid>
    <powerpagesiteid>b23a439a-3767-4574-9af6-0df99f64a560</powerpagesiteid>
  </powerpagesiteid>
  <statecode>0</statecode>
  <statuscode>1</statuscode>
</powerpagecomponent>