<powerpagecomponent powerpagecomponentid="c1c70c4c-e1d1-42f1-bf3b-9d8c1f62bb38">
  <content>{
  "filecontent": null,
  "entityname": "Account Table Permission",
  "entitylogicalname": "account",
  "scope": 756150000,
  "append": false,
  "appendto": false,
  "delete": false,
  "read": true,
  "create": false,
  "write": false,
  "parentrelationship": null,
  "parententitypermission": null,
  "contactrelationship": null,
  "accountrelationship": null,
  "childTablePermissions": [],
  "adx_entitypermission_webrole": []
}</content>
  <iscustomizable>1</iscustomizable>
  <name>Account Table Permission</name>
  <powerpagecomponenttype>18</powerpagecomponenttype>
  <powerpagesiteid>
    <powerpagesiteid>b23a439a-3767-4574-9af6-0df99f64a560</powerpagesiteid>
  </powerpagesiteid>
  <statecode>0</statecode>
  <statuscode>1</statuscode>
</powerpagecomponent>