<powerpagecomponent powerpagecomponentid="7cdfd258-36fb-7625-b3da-1dfdfc36993d">
  <content>{
  "filecontent": null,
  "type": 756150000,
  "display_name": "Logo alt text",
  "value": "Wellness Bridge",
  "copy": "undefined"
}</content>
  <iscustomizable>1</iscustomizable>
  <name>Logo alt text</name>
  <powerpagecomponenttype>7</powerpagecomponenttype>
  <powerpagesiteid>
    <powerpagesiteid>b23a439a-3767-4574-9af6-0df99f64a560</powerpagesiteid>
  </powerpagesiteid>
  <powerpagesitelanguageid>
    <powerpagesitelanguageid>fd05d1db-44d3-4b0d-977d-251c94a63878</powerpagesitelanguageid>
  </powerpagesitelanguageid>
  <statecode>0</statecode>
  <statuscode>1</statuscode>
</powerpagecomponent>