<powerpagecomponent powerpagecomponentid="8e2a3811-24e5-7eba-84a5-462625b0341f">
  <content>{
  "webpageid": "93627b16-0cfa-90a2-8c5e-458f8c39e4d7",
  "right": 2,
  "scope": 1,
  "adx_webpageaccesscontrolrule_webrole": [
    "2bceb3b3-242f-4d5d-9135-4343d3b85f97",
    "03cabfc0-dd93-4222-a3de-5272e6d4f8ba"
  ],
  "copy": "undefined"
}</content>
  <iscustomizable>1</iscustomizable>
  <name>Restrict Read on Patient Profiles</name>
  <powerpagecomponenttype>10</powerpagecomponenttype>
  <powerpagesiteid>
    <powerpagesiteid>b23a439a-3767-4574-9af6-0df99f64a560</powerpagesiteid>
  </powerpagesiteid>
  <statecode>0</statecode>
  <statuscode>1</statuscode>
</powerpagecomponent>