<powerpagecomponent powerpagecomponentid="a4f0e164-8545-4d03-b7c0-7ab65b11bad3">
  <content>{"enablerating":false,"enabletracking":false,"excludefromsearch":false,"hiddenfromsitemap":true,"isroot":false,"pagetemplateid":"63ba7892-963e-42fb-bd2c-575970ee35ad","parentpageid":"778b4420-6ecc-49d4-9b59-6e01d0a65d0a","partialurl":"search","publishingstateid":"47b68c5e-d545-4a4f-8783-a7d757139d20","rootwebpageid":"7e246348-a312-4fc9-a1c4-f4f91b08d40c","sharedpageconfiguration":false,"copy":" "}</content>
  <iscustomizable>1</iscustomizable>
  <name>Search</name>
  <powerpagecomponenttype>2</powerpagecomponenttype>
  <powerpagesiteid>
    <powerpagesiteid>b23a439a-3767-4574-9af6-0df99f64a560</powerpagesiteid>
  </powerpagesiteid>
  <powerpagesitelanguageid>
    <powerpagesitelanguageid>fd05d1db-44d3-4b0d-977d-251c94a63878</powerpagesitelanguageid>
  </powerpagesitelanguageid>
  <searchcontent> Search</searchcontent>
  <statecode>0</statecode>
  <statuscode>1</statuscode>
</powerpagecomponent>