<powerpagecomponent powerpagecomponentid="cf171b2f-d998-466b-63f9-1ef91f7ba34f">
  <content>{
  "filecontent": null,
  "displayorder": 2,
  "customcss": "",
  "customjavascript": "",
  "pagetemplateid": "17503bf1-648b-5224-6259-7c95cfa92dd8",
  "parentpageid": "ccb8c8ea-f2fd-2369-1b86-bbdcef585a19",
  "partialurl": "Follow-up-Appointments",
  "isroot": true,
  "title": "Follow-up Appointments",
  "summary": "&lt;p&gt;This is a sample landing page designed to be a starting point for your website&lt;/p&gt;",
  "copy": "",
  "publishingstateid": "47b68c5e-d545-4a4f-8783-a7d757139d20",
  "enablerating": false,
  "enabletracking": false,
  "excludefromsearch": false,
  "hiddenfromsitemap": true,
  "sharedpageconfiguration": false
}</content>
  <iscustomizable>1</iscustomizable>
  <name>Follow-up Appointments</name>
  <powerpagecomponenttype>2</powerpagecomponenttype>
  <powerpagesiteid>
    <powerpagesiteid>b23a439a-3767-4574-9af6-0df99f64a560</powerpagesiteid>
  </powerpagesiteid>
  <searchcontent>Follow-up AppointmentsFollow-up Appointments</searchcontent>
  <statecode>0</statecode>
  <statuscode>1</statuscode>
</powerpagecomponent>