<powerpagecomponent powerpagecomponentid="5e7d5140-3674-4f76-b0a2-70e9bf62469a">
  <content>{"createdOn":"2024-10-25T05:23:49.358Z","parentpageid":"778b4420-6ecc-49d4-9b59-6e01d0a65d0a","publishingstateid":"47b68c5e-d545-4a4f-8783-a7d757139d20","partialurl":"Healthcare-7.jpg","title":"","summary":"","enabletracking":false,"excludefromsearch":false,"hiddenfromsitemap":false}</content>
  <filecontent mimetype="image/jpeg">Healthcare-7.jpg</filecontent>
  <iscustomizable>1</iscustomizable>
  <name>Healthcare-7.jpg</name>
  <powerpagecomponenttype>3</powerpagecomponenttype>
  <powerpagesiteid>
    <powerpagesiteid>b23a439a-3767-4574-9af6-0df99f64a560</powerpagesiteid>
  </powerpagesiteid>
  <statecode>0</statecode>
  <statuscode>1</statuscode>
</powerpagecomponent>