<powerpagecomponent powerpagecomponentid="03375a06-4d06-49de-8916-f60b9837c033">
  <content>{"enabletracking":false,"excludefromsearch":false,"hiddenfromsitemap":false,"parentpageid":"778b4420-6ecc-49d4-9b59-6e01d0a65d0a","partialurl":"Logo-sm-64.png","publishingstateid":"47b68c5e-d545-4a4f-8783-a7d757139d20"}</content>
  <filecontent mimetype="application/octet-stream">Logo-sm-64.png</filecontent>
  <iscustomizable>1</iscustomizable>
  <name>Logo-sm-64.png</name>
  <powerpagecomponenttype>3</powerpagecomponenttype>
  <powerpagesiteid>
    <powerpagesiteid>b23a439a-3767-4574-9af6-0df99f64a560</powerpagesiteid>
  </powerpagesiteid>
  <statecode>0</statecode>
  <statuscode>1</statuscode>
</powerpagecomponent>