<powerpagecomponent powerpagecomponentid="7add8e41-4b92-ef11-8a69-000d3af25c20">
  <content>{
  "validationregularexpression": "^[a-zA-Z0-9._%±]+@[a-zA-Z0-9.-]+.[a-zA-Z]{2,}$",
  "validationregularexpressionerrormessage": "[{\"LCID\":1033,\"Value\":\"Please enter a valid email address. The email address should be in the format username@domain.com, and should not contain any spaces or special characters (except for dots, underscores, percent signs, plus signs, or hyphens).\"}]",
  "attributelogicalname": "wb_email",
  "type": 100000000,
  "fieldisrequired": false,
  "useattributedescriptionproperty": true,
  "descriptionposition": 100000000,
  "adddescription": false,
  "setvalueonsave": false,
  "ignoredefaultvalue": false,
  "randomizeoptionsetvalues": false,
  "entityform": "774a540c-2392-ef11-8a69-000d3af25c20",
  "entityformforcreate": "774a540c-2392-ef11-8a69-000d3af25c20"
}</content>
  <iscustomizable>1</iscustomizable>
  <name>Patient Create Form wb_email</name>
  <powerpagecomponenttype>16</powerpagecomponenttype>
  <powerpagesiteid>
    <powerpagesiteid>b23a439a-3767-4574-9af6-0df99f64a560</powerpagesiteid>
  </powerpagesiteid>
  <statecode>0</statecode>
  <statuscode>1</statuscode>
</powerpagecomponent>