<botcomponent_workflowset>
  <botcomponent_workflow botcomponentid.schemaname="cr7d6_6d71da3b-1bd2-4cc1-b217-3789d0c4b441.topic.CreateAppointment" workflowid.workflowid="df9da210-b1a8-ef11-a72d-000d3ac9a320">
    <iscustomizable>1</iscustomizable>
  </botcomponent_workflow>
  <botcomponent_workflow botcomponentid.schemaname="cr7d6_6d71da3b-1bd2-4cc1-b217-3789d0c4b441.topic.CreateFollowUpAppointment" workflowid.workflowid="97287ff2-7096-ef11-8a68-000d3af25c20">
    <iscustomizable>1</iscustomizable>
  </botcomponent_workflow>
  <botcomponent_workflow botcomponentid.schemaname="cr7d6_6d71da3b-1bd2-4cc1-b217-3789d0c4b441.topic.CreatePatientProfile" workflowid.workflowid="631825e2-1f33-9af1-ebf3-de1aa8d64286">
    <iscustomizable>1</iscustomizable>
  </botcomponent_workflow>
</botcomponent_workflowset>