<powerpagesitelanguages>
  <powerpagesitelanguage powerpagesitelanguageid="fd05d1db-44d3-4b0d-977d-251c94a63878">
    <content>{"publishingstate":"47b68c5e-d545-4a4f-8783-a7d757139d20","systemlanguage":1033}</content>
    <displayname>English</displayname>
    <iscustomizable>1</iscustomizable>
    <languagecode>en-US</languagecode>
    <lcid>1033</lcid>
    <name>English</name>
    <powerpagesiteid>
      <powerpagesiteid>b23a439a-3767-4574-9af6-0df99f64a560</powerpagesiteid>
    </powerpagesiteid>
    <statecode>0</statecode>
    <statuscode>1</statuscode>
  </powerpagesitelanguage>
</powerpagesitelanguages>