<powerpagesites>
  <powerpagesite powerpagesiteid="b23a439a-3767-4574-9af6-0df99f64a560">
    <content>{"defaultlanguage":"fd05d1db-44d3-4b0d-977d-251c94a63878","footerwebtemplateid":"ce3f271d-ae11-4157-b302-e03272d99fca","headerwebtemplateid":"1082da14-711c-4d53-a743-20ef3d0ed549","website_language":1033}</content>
    <datamodelversion>2.0</datamodelversion>
    <iscustomizable>1</iscustomizable>
    <name>Wellbeing Bridge - CG</name>
    <primarydomainname>wellnessbeing-cg.powerappsportals.com</primarydomainname>
    <statecode>0</statecode>
    <statuscode>1</statuscode>
  </powerpagesite>
</powerpagesites>