<powerpagecomponent powerpagecomponentid="b15bf38f-efc0-496e-afff-2565b5169ffc">
  <content>{"createdOn":"2024-10-24T20:20:34.183Z","parentpageid":"778b4420-6ecc-49d4-9b59-6e01d0a65d0a","publishingstateid":"47b68c5e-d545-4a4f-8783-a7d757139d20","partialurl":"Doctor-using-phone.jpg","title":"","summary":"","enabletracking":false,"excludefromsearch":false,"hiddenfromsitemap":false}</content>
  <filecontent mimetype="image/jpeg">Doctor-using-phone.jpg</filecontent>
  <iscustomizable>1</iscustomizable>
  <name>Doctor-using-phone.jpg</name>
  <powerpagecomponenttype>3</powerpagecomponenttype>
  <powerpagesiteid>
    <powerpagesiteid>b23a439a-3767-4574-9af6-0df99f64a560</powerpagesiteid>
  </powerpagesiteid>
  <statecode>0</statecode>
  <statuscode>1</statuscode>
</powerpagecomponent>