<powerpagecomponent powerpagecomponentid="46d91bb9-3834-4b76-bce3-ad9236d49b8b">
  <content>{
  "filecontent": null,
  "value": "793720940474-h872v7eum13aa9o3jon7v9udp8iec7n3.apps.googleusercontent.com"
}</content>
  <iscustomizable>1</iscustomizable>
  <name>Authentication/OpenAuth/Google/ClientId</name>
  <powerpagecomponenttype>9</powerpagecomponenttype>
  <powerpagesiteid>
    <powerpagesiteid>b23a439a-3767-4574-9af6-0df99f64a560</powerpagesiteid>
  </powerpagesiteid>
  <statecode>0</statecode>
  <statuscode>1</statuscode>
</powerpagecomponent>