<powerpagecomponent powerpagecomponentid="7771eb93-8f31-5268-f971-faf73813ab37">
  <content>{"filecontent":null,"displayorder":2,"customcss":"","customjavascript":"","pagetemplateid":"4718af67-c098-43c9-ad6f-f0cba94449d7","parentpageid":"ccb8c8ea-f2fd-2369-1b86-bbdcef585a19","partialurl":"Prescriptions","isroot":false,"rootwebpageid":"6d4dd97c-060c-00c0-4a69-760a4cc3ac99","title":"Prescriptions","summary":"&lt;p&gt;This is a sample landing page designed to be a starting point for your website&lt;/p&gt;","copy":"&lt;div class=\"row sectionBlockLayout\" style=\"display: flex; flex-wrap: wrap; padding: 8px; margin: 0px; min-height: 15px;\"&gt;&lt;/div&gt;\n&lt;div data-component-theme=\"portalThemeColor3\" class=\"row sectionBlockLayout text-start\" style=\"display: flex; flex-wrap: wrap; margin: 0px; min-height: auto; padding: 8px;\"&gt;\n  &lt;div class=\"container\" style=\"padding: 0px; display: flex; flex-wrap: wrap;\"&gt;\n    &lt;div class=\"col-lg-12 columnBlockLayout\" style=\"flex-grow: 1; display: flex; flex-direction: column; min-width: 250px; word-break: break-word; margin: 10px 0px; padding: 10px;\"&gt;&lt;h1 style=\"text-align: center;\"&gt;Prescription - By Doctor&lt;/h1&gt;&lt;/div&gt;\n  &lt;/div&gt;\n&lt;/div&gt;\n&lt;div class=\"row sectionBlockLayout text-start\" style=\"display: flex; flex-wrap: wrap; margin: 0px; min-height: auto; padding: 8px;\"&gt;\n  &lt;div class=\"container\" style=\"display: flex; flex-wrap: wrap;\"&gt;&lt;div class=\"col-lg-12 columnBlockLayout\" style=\"flex-grow: 1; display: flex; flex-direction: column; min-width: 250px; word-break: break-word; padding: 10px; margin: 10px 0px;\"&gt;{% include 'entity_list' key: 'List of Prescriptions' AISummaryTitle: 'Summarized by AI' isAISummaryExpanded: 'true' isAISummaryEnabled: 'false' isModern: 'true'%}&lt;/div&gt;&lt;/div&gt;\n&lt;/div&gt;\n\n\n","publishingstateid":"47b68c5e-d545-4a4f-8783-a7d757139d20","enablerating":false,"enabletracking":false,"excludefromsearch":false,"hiddenfromsitemap":true,"sharedpageconfiguration":false}</content>
  <iscustomizable>1</iscustomizable>
  <name>Prescriptions</name>
  <powerpagecomponenttype>2</powerpagecomponenttype>
  <powerpagesiteid>
    <powerpagesiteid>b23a439a-3767-4574-9af6-0df99f64a560</powerpagesiteid>
  </powerpagesiteid>
  <powerpagesitelanguageid>
    <powerpagesitelanguageid>fd05d1db-44d3-4b0d-977d-251c94a63878</powerpagesitelanguageid>
  </powerpagesitelanguageid>
  <searchcontent>Prescriptions&lt;div class="row sectionBlockLayout" style="display: flex; flex-wrap: wrap; padding: 8px; margin: 0px; min-height: 15px;"&gt;&lt;/div&gt;
&lt;div data-component-theme="portalThemeColor3" class="row sectionBlockLayout text-start" style="display: flex; flex-wrap: wrap; margin: 0px; min-height: auto; padding: 8px;"&gt;
  &lt;div class="container" style="padding: 0px; display: flex; flex-wrap: wrap;"&gt;
    &lt;div class="col-lg-12 columnBlockLayout" style="flex-grow: 1; display: flex; flex-direction: column; min-width: 250px; word-break: break-word; margin: 10px 0px; padding: 10px;"&gt;&lt;h1 style="text-align: center;"&gt;Prescription - By Doctor&lt;/h1&gt;&lt;/div&gt;
  &lt;/div&gt;
&lt;/div&gt;
&lt;div class="row sectionBlockLayout text-start" style="display: flex; flex-wrap: wrap; margin: 0px; min-height: auto; padding: 8px;"&gt;
  &lt;div class="container" style="display: flex; flex-wrap: wrap;"&gt;&lt;div class="col-lg-12 columnBlockLayout" style="flex-grow: 1; display: flex; flex-direction: column; min-width: 250px; word-break: break-word; padding: 10px; margin: 10px 0px;"&gt;{% include 'entity_list' key: 'List of Prescriptions' AISummaryTitle: 'Summarized by AI' isAISummaryExpanded: 'true' isAISummaryEnabled: 'false' isModern: 'true'%}&lt;/div&gt;&lt;/div&gt;
&lt;/div&gt;


Prescriptions</searchcontent>
  <statecode>0</statecode>
  <statuscode>1</statuscode>
</powerpagecomponent>