<powerpagecomponent powerpagecomponentid="4fded694-56f4-4ea2-b052-70a905278216">
  <content>{
  "filecontent": null,
  "value": "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"
}</content>
  <iscustomizable>1</iscustomizable>
  <name>Authentication/OpenAuth/Google/ClientSecret</name>
  <powerpagecomponenttype>9</powerpagecomponenttype>
  <powerpagesiteid>
    <powerpagesiteid>b23a439a-3767-4574-9af6-0df99f64a560</powerpagesiteid>
  </powerpagesiteid>
  <statecode>0</statecode>
  <statuscode>1</statuscode>
</powerpagecomponent>