<powerpagecomponent powerpagecomponentid="ab48c63b-1d7d-46be-928e-b39d41899563">
  <content>{
  "entityname": "List of Patients History",
  "entitylogicalname": "wb_patienthistory",
  "scope": 756150001,
  "append": true,
  "appendto": true,
  "delete": true,
  "read": true,
  "create": true,
  "write": true,
  "parentrelationship": null,
  "parententitypermission": null,
  "contactrelationship": "wb_patienthistory_Contact_contact",
  "accountrelationship": null,
  "childTablePermissions": [],
  "adx_entitypermission_webrole": [
    "2bceb3b3-242f-4d5d-9135-4343d3b85f97",
    "03cabfc0-dd93-4222-a3de-5272e6d4f8ba"
  ],
  "copy": "undefined"
}</content>
  <iscustomizable>1</iscustomizable>
  <name>List of Patients History</name>
  <powerpagecomponenttype>18</powerpagecomponenttype>
  <powerpagesiteid>
    <powerpagesiteid>b23a439a-3767-4574-9af6-0df99f64a560</powerpagesiteid>
  </powerpagesiteid>
  <statecode>0</statecode>
  <statuscode>1</statuscode>
</powerpagecomponent>