<powerpagecomponent powerpagecomponentid="2c9e64b3-72ea-a322-30e7-c381fdf065d4">
  <content>{
  "filecontent": null,
  "displayorder": 2,
  "customcss": "",
  "customjavascript": "",
  "pagetemplateid": "4718af67-c098-43c9-ad6f-f0cba94449d7",
  "parentpageid": "36de358c-c4e2-9972-a8bd-ea40583df7df",
  "partialurl": "Insurance-Details",
  "isroot": false,
  "rootwebpageid": "7ac3b308-6392-4847-d427-c9169aaf3b2d",
  "title": "Patient History and Insurance Details",
  "summary": "&lt;p&gt;This is a sample landing page designed to be a starting point for your website&lt;/p&gt;",
  "copy": "&lt;div class=\"row sectionBlockLayout\" style=\"display: flex; flex-wrap: wrap; padding: 8px; margin: 0px; min-height: 15px;\"&gt;&lt;/div&gt;\n&lt;div data-component-theme=\"portalThemeColor3\" class=\"row sectionBlockLayout text-start\" style=\"display: flex; flex-wrap: wrap; margin: 0px; min-height: auto; padding: 8px;\"&gt;\n  &lt;div class=\"container\" style=\"padding: 0px; display: flex; flex-wrap: wrap;\"&gt;\n    &lt;div class=\"col-lg-12 columnBlockLayout\" style=\"flex-grow: 1; display: flex; flex-direction: column; min-width: 250px; word-break: break-word; margin: 15px 0px; padding: 10px;\"&gt;&lt;h1 style=\"text-align: center; font-size: 38px;\"&gt;Create and update patient history and insurance details here.&amp;nbsp;&lt;/h1&gt;&lt;/div&gt;\n  &lt;/div&gt;\n&lt;/div&gt;\n&lt;div class=\"row sectionBlockLayout\" style=\"display: flex; flex-wrap: wrap; padding: 8px; margin: 0px; min-height: 15px;\"&gt;&lt;/div&gt;\n&lt;div data-component-theme=\"portalThemeColor2\" class=\"row sectionBlockLayout text-start\" style='display: flex; flex-wrap: wrap; margin: 0px; min-height: auto; padding: 8px; background-image: linear-gradient(0deg, rgba(42, 44, 46, 0.8), rgba(42, 44, 46, 0.8)), url(\"/Target-with-various-rings-of-accuracy.jpg\"); background-position: center center; background-repeat: no-repeat; background-size: cover;'&gt;\n  &lt;div class=\"container\" style=\"padding: 0px; display: flex; flex-wrap: wrap; column-gap: 2px;\"&gt;\n    &lt;div class=\"col-lg-12 columnBlockLayout\" style=\"flex-grow: 1; display: flex; flex-direction: column; min-width: 250px; word-break: break-word; margin: 2px 0px; padding: 2px; width: calc(100% + 0px);\"&gt;\n      &lt;h4 style=\"text-align: center; font-size: 20px; color: var(--portalThemeColor7);\"&gt;​&lt;a href=\"/Patient_Profile\" class=\"anchor-inherit-styles anchor-hover-text-decoration-none anchor-text-decoration-none anchor-hover-color-color7\" style=\"font-weight: 600;\"&gt;1. Register the patient&lt;/a&gt; &amp;gt;&amp;gt;&amp;nbsp; &amp;nbsp; &amp;nbsp;&lt;a href=\"/Book-Appointment\" class=\"anchor-inherit-styles anchor-hover-text-decoration-none anchor-hover-color-color10 anchor-text-decoration-none\" style=\"font-weight: 600;\"&gt;2. Book an appointment&lt;/a&gt; &amp;gt;&amp;gt;&amp;nbsp; &amp;nbsp;&amp;nbsp;&lt;a href=\"/Patient_Profile/Insurance-Details\" class=\"anchor-inherit-styles anchor-hover-text-decoration-none anchor-text-decoration-underline anchor-hover-color-color6\" style=\"font-weight: 600;\"&gt;3. Insurance Details&lt;/a&gt;&lt;/h4&gt;\n      &lt;h5 style=\"text-align: center; color: var(--portalThemeColor7);\"&gt;You are at step 3&lt;/h5&gt;\n    &lt;/div&gt;\n  &lt;/div&gt;\n&lt;/div&gt;\n&lt;div class=\"row sectionBlockLayout text-start\" style=\"display: flex; flex-wrap: wrap; margin: 0px; min-height: auto; padding: 8px;\"&gt;\n  &lt;div class=\"container\" style=\"display: flex; flex-wrap: wrap;\"&gt;&lt;div class=\"col-lg-12 columnBlockLayout\" style=\"flex-grow: 1; display: flex; flex-direction: column; min-width: 250px; word-break: break-word; padding: 10px; margin: 10px 0px;\"&gt;&lt;/div&gt;&lt;/div&gt;\n&lt;/div&gt;\n&lt;div class=\"row sectionBlockLayout text-start\" style=\"display: flex; flex-wrap: wrap; margin: 0px; min-height: auto; padding: 8px;\"&gt;\n  &lt;div class=\"container\" style=\"padding: 0px; display: flex; flex-wrap: wrap;\"&gt;\n    &lt;div class=\"col-lg-12 columnBlockLayout\" style=\"flex-grow: 1; display: flex; flex-direction: column; min-width: 250px; word-break: break-word; margin: 0px; padding: 10px;\"&gt;&lt;h3 style=\"text-align: center;\"&gt;Insurance Deatils&lt;/h3&gt;&lt;/div&gt;\n  &lt;/div&gt;\n&lt;/div&gt;\n&lt;div class=\"row sectionBlockLayout text-start\" style=\"display: flex; flex-wrap: wrap; margin: 0px; min-height: auto; padding: 8px;\"&gt;\n  &lt;div class=\"container\" style=\"padding: 0px; display: flex; flex-wrap: wrap;\"&gt;&lt;div class=\"col-lg-12 columnBlockLayout\" style=\"flex-grow: 1; display: flex; flex-direction: column; min-width: 250px; word-break: break-word;\"&gt;{% include 'entity_list' key: 'List of Insurances' AISummaryTitle: 'Summarized by AI' isAISummaryExpanded: 'true' isAISummaryEnabled: 'false' isModern: 'true'%}&lt;/div&gt;&lt;/div&gt;\n&lt;/div&gt;\n",
  "publishingstateid": "47b68c5e-d545-4a4f-8783-a7d757139d20",
  "enablerating": false,
  "enabletracking": false,
  "excludefromsearch": false,
  "hiddenfromsitemap": true,
  "sharedpageconfiguration": false
}</content>
  <iscustomizable>1</iscustomizable>
  <name>Insurance Details</name>
  <powerpagecomponenttype>2</powerpagecomponenttype>
  <powerpagesiteid>
    <powerpagesiteid>b23a439a-3767-4574-9af6-0df99f64a560</powerpagesiteid>
  </powerpagesiteid>
  <powerpagesitelanguageid>
    <powerpagesitelanguageid>fd05d1db-44d3-4b0d-977d-251c94a63878</powerpagesitelanguageid>
  </powerpagesitelanguageid>
  <searchcontent>Patient History and Insurance Details&lt;div class="row sectionBlockLayout" style="display: flex; flex-wrap: wrap; padding: 8px; margin: 0px; min-height: 15px;"&gt;&lt;/div&gt;
&lt;div data-component-theme="portalThemeColor3" class="row sectionBlockLayout text-start" style="display: flex; flex-wrap: wrap; margin: 0px; min-height: auto; padding: 8px;"&gt;
  &lt;div class="container" style="padding: 0px; display: flex; flex-wrap: wrap;"&gt;
    &lt;div class="col-lg-12 columnBlockLayout" style="flex-grow: 1; display: flex; flex-direction: column; min-width: 250px; word-break: break-word; margin: 15px 0px; padding: 10px;"&gt;&lt;h1 style="text-align: center; font-size: 38px;"&gt;Create and update patient history and insurance details here.&amp;nbsp;&lt;/h1&gt;&lt;/div&gt;
  &lt;/div&gt;
&lt;/div&gt;
&lt;div class="row sectionBlockLayout" style="display: flex; flex-wrap: wrap; padding: 8px; margin: 0px; min-height: 15px;"&gt;&lt;/div&gt;
&lt;div data-component-theme="portalThemeColor2" class="row sectionBlockLayout text-start" style='display: flex; flex-wrap: wrap; margin: 0px; min-height: auto; padding: 8px; background-image: linear-gradient(0deg, rgba(42, 44, 46, 0.8), rgba(42, 44, 46, 0.8)), url("/Target-with-various-rings-of-accuracy.jpg"); background-position: center center; background-repeat: no-repeat; background-size: cover;'&gt;
  &lt;div class="container" style="padding: 0px; display: flex; flex-wrap: wrap; column-gap: 2px;"&gt;
    &lt;div class="col-lg-12 columnBlockLayout" style="flex-grow: 1; display: flex; flex-direction: column; min-width: 250px; word-break: break-word; margin: 2px 0px; padding: 2px; width: calc(100% + 0px);"&gt;
      &lt;h4 style="text-align: center; font-size: 20px; color: var(--portalThemeColor7);"&gt;​&lt;a href="/Patient_Profile" class="anchor-inherit-styles anchor-hover-text-decoration-none anchor-text-decoration-none anchor-hover-color-color7" style="font-weight: 600;"&gt;1. Register the patient&lt;/a&gt; &amp;gt;&amp;gt;&amp;nbsp; &amp;nbsp; &amp;nbsp;&lt;a href="/Book-Appointment" class="anchor-inherit-styles anchor-hover-text-decoration-none anchor-hover-color-color10 anchor-text-decoration-none" style="font-weight: 600;"&gt;2. Book an appointment&lt;/a&gt; &amp;gt;&amp;gt;&amp;nbsp; &amp;nbsp;&amp;nbsp;&lt;a href="/Patient_Profile/Insurance-Details" class="anchor-inherit-styles anchor-hover-text-decoration-none anchor-text-decoration-underline anchor-hover-color-color6" style="font-weight: 600;"&gt;3. Insurance Details&lt;/a&gt;&lt;/h4&gt;
      &lt;h5 style="text-align: center; color: var(--portalThemeColor7);"&gt;You are at step 3&lt;/h5&gt;
    &lt;/div&gt;
  &lt;/div&gt;
&lt;/div&gt;
&lt;div class="row sectionBlockLayout text-start" style="display: flex; flex-wrap: wrap; margin: 0px; min-height: auto; padding: 8px;"&gt;
  &lt;div class="container" style="display: flex; flex-wrap: wrap;"&gt;&lt;div class="col-lg-12 columnBlockLayout" style="flex-grow: 1; display: flex; flex-direction: column; min-width: 250px; word-break: break-word; padding: 10px; margin: 10px 0px;"&gt;&lt;/div&gt;&lt;/div&gt;
&lt;/div&gt;
&lt;div class="row sectionBlockLayout text-start" style="display: flex; flex-wrap: wrap; margin: 0px; min-height: auto; padding: 8px;"&gt;
  &lt;div class="container" style="padding: 0px; display: flex; flex-wrap: wrap;"&gt;
    &lt;div class="col-lg-12 columnBlockLayout" style="flex-grow: 1; display: flex; flex-direction: column; min-width: 250px; word-break: break-word; margin: 0px; padding: 10px;"&gt;&lt;h3 style="text-align: center;"&gt;Insurance Deatils&lt;/h3&gt;&lt;/div&gt;
  &lt;/div&gt;
&lt;/div&gt;
&lt;div class="row sectionBlockLayout text-start" style="display: flex; flex-wrap: wrap; margin: 0px; min-height: auto; padding: 8px;"&gt;
  &lt;div class="container" style="padding: 0px; display: flex; flex-wrap: wrap;"&gt;&lt;div class="col-lg-12 columnBlockLayout" style="flex-grow: 1; display: flex; flex-direction: column; min-width: 250px; word-break: break-word;"&gt;{% include 'entity_list' key: 'List of Insurances' AISummaryTitle: 'Summarized by AI' isAISummaryExpanded: 'true' isAISummaryEnabled: 'false' isModern: 'true'%}&lt;/div&gt;&lt;/div&gt;
&lt;/div&gt;
Insurance Details</searchcontent>
  <statecode>0</statecode>
  <statuscode>1</statuscode>
</powerpagecomponent>