<powerpagecomponent powerpagecomponentid="f292420b-4b92-ef11-8a69-000d3af25c20">
  <content>{
  "validationregularexpressionerrormessage": "[{\"LCID\":1033,\"Value\":\"Please enter a valid phone number. The phone number should be in the Indian Phone number format for example 9034384545.\"}]",
  "validationregularexpression": "^[6-9]\\d{9}$",
  "attributelogicalname": "wb_phonenumber",
  "type": 100000000,
  "fieldisrequired": false,
  "useattributedescriptionproperty": true,
  "descriptionposition": 100000000,
  "adddescription": false,
  "setvalueonsave": false,
  "ignoredefaultvalue": false,
  "randomizeoptionsetvalues": false,
  "entityform": "774a540c-2392-ef11-8a69-000d3af25c20",
  "entityformforcreate": "774a540c-2392-ef11-8a69-000d3af25c20"
}</content>
  <iscustomizable>1</iscustomizable>
  <name>Patient Create Form wb_phonenumber</name>
  <powerpagecomponenttype>16</powerpagecomponenttype>
  <powerpagesiteid>
    <powerpagesiteid>b23a439a-3767-4574-9af6-0df99f64a560</powerpagesiteid>
  </powerpagesiteid>
  <statecode>0</statecode>
  <statuscode>1</statuscode>
</powerpagecomponent>