<powerpagecomponent powerpagecomponentid="ef972d82-8ca6-31a9-e57d-acf440abf93d">
  <content>{
  "filecontent": null,
  "displayorder": 4,
  "weblinksetid": "a0bcd013-a36a-4447-af0b-d5b4e9ecdd90",
  "pageid": "93627b16-0cfa-90a2-8c5e-458f8c39e4d7",
  "publishingstateid": "47b68c5e-d545-4a4f-8783-a7d757139d20",
  "displaypagevalidation": false,
  "displayimageonly": false,
  "displaypagechildlinks": false,
  "openinnewwindow": false,
  "robotsfollowlink": true,
  "copy": "undefined",
  "parentweblinkid": null
}</content>
  <iscustomizable>1</iscustomizable>
  <name>Patient Profiles</name>
  <powerpagecomponenttype>5</powerpagecomponenttype>
  <powerpagesiteid>
    <powerpagesiteid>b23a439a-3767-4574-9af6-0df99f64a560</powerpagesiteid>
  </powerpagesiteid>
  <statecode>1</statecode>
  <statuscode>2</statuscode>
</powerpagecomponent>