<powerpagecomponent powerpagecomponentid="9d4164c0-14ca-4d36-8eee-43ba2b11b72a">
  <content>{"createdOn":"2024-10-24T18:53:56.394Z","parentpageid":"778b4420-6ecc-49d4-9b59-6e01d0a65d0a","publishingstateid":"47b68c5e-d545-4a4f-8783-a7d757139d20","partialurl":"Healthcare-Specialists-2.jpg","title":"","summary":"","enabletracking":false,"excludefromsearch":false,"hiddenfromsitemap":false}</content>
  <filecontent mimetype="image/jpeg">Healthcare-Specialists-2.jpg</filecontent>
  <iscustomizable>1</iscustomizable>
  <name>Healthcare-Specialists-2.jpg</name>
  <powerpagecomponenttype>3</powerpagecomponenttype>
  <powerpagesiteid>
    <powerpagesiteid>b23a439a-3767-4574-9af6-0df99f64a560</powerpagesiteid>
  </powerpagesiteid>
  <statecode>0</statecode>
  <statuscode>1</statuscode>
</powerpagecomponent>