<powerpagecomponent powerpagecomponentid="77af12b6-fd7a-4a72-a90c-fa9bb35e7090">
  <content>{
  "filecontent": null,
  "entityname": "List of Patients",
  "entitylogicalname": "wb_patients",
  "scope": 756150001,
  "append": true,
  "appendto": true,
  "delete": true,
  "read": true,
  "create": true,
  "write": true,
  "parentrelationship": null,
  "parententitypermission": null,
  "contactrelationship": "wb_patients_Contact_contact",
  "accountrelationship": null,
  "childTablePermissions": [],
  "adx_entitypermission_webrole": [
    "2bceb3b3-242f-4d5d-9135-4343d3b85f97",
    "03cabfc0-dd93-4222-a3de-5272e6d4f8ba",
    "2ff44860-175a-4025-a842-862c19ec827c"
  ],
  "copy": "undefined"
}</content>
  <iscustomizable>1</iscustomizable>
  <name>List of Patients</name>
  <powerpagecomponenttype>18</powerpagecomponenttype>
  <powerpagesiteid>
    <powerpagesiteid>b23a439a-3767-4574-9af6-0df99f64a560</powerpagesiteid>
  </powerpagesiteid>
  <statecode>0</statecode>
  <statuscode>1</statuscode>
</powerpagecomponent>