<powerpagecomponent powerpagecomponentid="8e0b6222-1c92-ef11-8a69-000d3af25c20">
  <content>{"botschemaname":"cr7d6_6d71da3b-1bd2-4cc1-b217-3789d0c4b441","configjson":"{\"skillConfigViewName\":\"Wellness Being bot Answers\"}"}</content>
  <iscustomizable>1</iscustomizable>
  <name>Bot Consumer</name>
  <powerpagecomponenttype>27</powerpagecomponenttype>
  <powerpagesiteid>
    <powerpagesiteid>b23a439a-3767-4574-9af6-0df99f64a560</powerpagesiteid>
  </powerpagesiteid>
  <statecode>0</statecode>
  <statuscode>1</statuscode>
</powerpagecomponent>