<powerpagecomponent powerpagecomponentid="82ccdaa4-1095-ef11-8a68-000d3af25c20">
  <content>{
  "attributelogicalname": "wb_contact",
  "type": 100000000,
  "fieldisrequired": false,
  "useattributedescriptionproperty": true,
  "descriptionposition": 100000000,
  "adddescription": false,
  "setvalueonsave": false,
  "ignoredefaultvalue": false,
  "randomizeoptionsetvalues": false,
  "entityform": "f1507329-1095-ef11-8a68-000d3af25c20",
  "entityformforcreate": "f1507329-1095-ef11-8a68-000d3af25c20",
  "prepopulatefromattribute": "contactid",
  "prepopulatetype": 100000002
}</content>
  <iscustomizable>1</iscustomizable>
  <name>Follow Up Appointment - Create wb_contact</name>
  <powerpagecomponenttype>16</powerpagecomponenttype>
  <powerpagesiteid>
    <powerpagesiteid>b23a439a-3767-4574-9af6-0df99f64a560</powerpagesiteid>
  </powerpagesiteid>
  <statecode>0</statecode>
  <statuscode>1</statuscode>
</powerpagecomponent>