<powerpagecomponent powerpagecomponentid="b652e677-18ef-f083-1316-7171a648ca8b">
  <content>{
  "filecontent": null,
  "type": 756150000,
  "display_name": "Logo URL",
  "value": "/WellnessBridge.png",
  "copy": "undefined"
}</content>
  <iscustomizable>1</iscustomizable>
  <name>Logo URL</name>
  <powerpagecomponenttype>7</powerpagecomponenttype>
  <powerpagesiteid>
    <powerpagesiteid>b23a439a-3767-4574-9af6-0df99f64a560</powerpagesiteid>
  </powerpagesiteid>
  <powerpagesitelanguageid>
    <powerpagesitelanguageid>fd05d1db-44d3-4b0d-977d-251c94a63878</powerpagesitelanguageid>
  </powerpagesitelanguageid>
  <statecode>0</statecode>
  <statuscode>1</statuscode>
</powerpagecomponent>