<powerpagecomponent powerpagecomponentid="7d634f2d-2281-4404-8d6f-edd9ac33c72d">
  <content>{"displayorder":2,"enabletracking":false,"excludefromsearch":true,"hiddenfromsitemap":false,"parentpageid":"778b4420-6ecc-49d4-9b59-6e01d0a65d0a","partialurl":"theme.css","publishingstateid":"47b68c5e-d545-4a4f-8783-a7d757139d20"}</content>
  <filecontent mimetype="application/octet-stream">theme.css</filecontent>
  <iscustomizable>1</iscustomizable>
  <name>theme.css</name>
  <powerpagecomponenttype>3</powerpagecomponenttype>
  <powerpagesiteid>
    <powerpagesiteid>b23a439a-3767-4574-9af6-0df99f64a560</powerpagesiteid>
  </powerpagesiteid>
  <statecode>0</statecode>
  <statuscode>1</statuscode>
</powerpagecomponent>