<powerpagecomponent powerpagecomponentid="6d4dd97c-060c-00c0-4a69-760a4cc3ac99">
  <content>{
  "filecontent": null,
  "displayorder": 3,
  "customcss": "",
  "customjavascript": "",
  "pagetemplateid": "4718af67-c098-43c9-ad6f-f0cba94449d7",
  "parentpageid": "ccb8c8ea-f2fd-2369-1b86-bbdcef585a19",
  "partialurl": "Prescriptions",
  "isroot": true,
  "title": "Prescriptions",
  "summary": "&lt;p&gt;This is a sample landing page designed to be a starting point for your website&lt;/p&gt;",
  "copy": "",
  "publishingstateid": "47b68c5e-d545-4a4f-8783-a7d757139d20",
  "enablerating": false,
  "enabletracking": false,
  "excludefromsearch": false,
  "hiddenfromsitemap": true,
  "sharedpageconfiguration": false
}</content>
  <iscustomizable>1</iscustomizable>
  <name>Prescriptions</name>
  <powerpagecomponenttype>2</powerpagecomponenttype>
  <powerpagesiteid>
    <powerpagesiteid>b23a439a-3767-4574-9af6-0df99f64a560</powerpagesiteid>
  </powerpagesiteid>
  <searchcontent>PrescriptionsPrescriptions</searchcontent>
  <statecode>0</statecode>
  <statuscode>1</statuscode>
</powerpagecomponent>