<powerpagecomponent powerpagecomponentid="06f02ea2-d0d4-4117-b068-a764cdbab7c9">
  <content>{"createdOn":"2024-10-24T20:16:49.270Z","parentpageid":"778b4420-6ecc-49d4-9b59-6e01d0a65d0a","publishingstateid":"47b68c5e-d545-4a4f-8783-a7d757139d20","partialurl":"Healthcare-14.jpg","title":"","summary":"","enabletracking":false,"excludefromsearch":false,"hiddenfromsitemap":false}</content>
  <filecontent mimetype="image/jpeg">Healthcare-14.jpg</filecontent>
  <iscustomizable>1</iscustomizable>
  <name>Healthcare-14.jpg</name>
  <powerpagecomponenttype>3</powerpagecomponenttype>
  <powerpagesiteid>
    <powerpagesiteid>b23a439a-3767-4574-9af6-0df99f64a560</powerpagesiteid>
  </powerpagesiteid>
  <statecode>0</statecode>
  <statuscode>1</statuscode>
</powerpagecomponent>