<powerpagecomponent powerpagecomponentid="695035a1-4b92-ef11-8a69-000d3af25c20">
  <content>{
  "validationregularexpression": "^[a-zA-Z]+(?:[\\s-][a-zA-Z]+)*$",
  "validationregularexpressionerrormessage": "[{\"LCID\":1033,\"Value\":\"Please enter a valid city name using only letters, spaces, or hyphens.\"}]",
  "attributelogicalname": "wb_addresscity",
  "type": 100000000,
  "fieldisrequired": false,
  "useattributedescriptionproperty": true,
  "descriptionposition": 100000000,
  "adddescription": false,
  "setvalueonsave": false,
  "ignoredefaultvalue": false,
  "randomizeoptionsetvalues": false,
  "entityform": "774a540c-2392-ef11-8a69-000d3af25c20",
  "entityformforcreate": "774a540c-2392-ef11-8a69-000d3af25c20"
}</content>
  <iscustomizable>1</iscustomizable>
  <name>Patient Create Form wb_addresscity</name>
  <powerpagecomponenttype>16</powerpagecomponenttype>
  <powerpagesiteid>
    <powerpagesiteid>b23a439a-3767-4574-9af6-0df99f64a560</powerpagesiteid>
  </powerpagesiteid>
  <statecode>0</statecode>
  <statuscode>1</statuscode>
</powerpagecomponent>