<powerpagecomponent powerpagecomponentid="ba5df84a-1dd8-4ff7-8f1b-8610854e5ac9">
  <content>{"description":"Determines if faceted search is used for this portal.","value":"True"}</content>
  <iscustomizable>1</iscustomizable>
  <name>Search/FacetedView</name>
  <powerpagecomponenttype>9</powerpagecomponenttype>
  <powerpagesiteid>
    <powerpagesiteid>b23a439a-3767-4574-9af6-0df99f64a560</powerpagesiteid>
  </powerpagesiteid>
  <statecode>0</statecode>
  <statuscode>1</statuscode>
</powerpagecomponent>