<powerpagecomponent powerpagecomponentid="f5aac58d-9792-49c5-9b41-919c3a1a00e6">
  <content>{
  "filecontent": null,
  "entityname": "Doctor Table Permission",
  "entitylogicalname": "wb_doctors",
  "scope": 756150000,
  "append": true,
  "appendto": true,
  "delete": false,
  "read": true,
  "create": false,
  "write": false,
  "parentrelationship": null,
  "parententitypermission": null,
  "contactrelationship": null,
  "accountrelationship": null,
  "childTablePermissions": [],
  "adx_entitypermission_webrole": [
    "2bceb3b3-242f-4d5d-9135-4343d3b85f97",
    "03cabfc0-dd93-4222-a3de-5272e6d4f8ba",
    "2ff44860-175a-4025-a842-862c19ec827c"
  ]
}</content>
  <iscustomizable>1</iscustomizable>
  <name>Doctor Table Permission</name>
  <powerpagecomponenttype>18</powerpagecomponenttype>
  <powerpagesiteid>
    <powerpagesiteid>b23a439a-3767-4574-9af6-0df99f64a560</powerpagesiteid>
  </powerpagesiteid>
  <statecode>0</statecode>
  <statuscode>1</statuscode>
</powerpagecomponent>