<powerpagecomponent powerpagecomponentid="4d679b06-ac06-45e9-9c0a-3d3df3ea501a">
  <content>{
  "filecontent": null,
  "entityname": "Follow Up Appointments",
  "entitylogicalname": "wb_followupappointments",
  "scope": 756150001,
  "append": true,
  "appendto": true,
  "delete": false,
  "read": true,
  "create": true,
  "write": true,
  "parentrelationship": null,
  "parententitypermission": null,
  "contactrelationship": "cr7d6_wb_FollowupAppointments_Contact_Contact",
  "accountrelationship": null,
  "childTablePermissions": [],
  "adx_entitypermission_webrole": [
    "2bceb3b3-242f-4d5d-9135-4343d3b85f97",
    "03cabfc0-dd93-4222-a3de-5272e6d4f8ba"
  ],
  "copy": "undefined"
}</content>
  <iscustomizable>1</iscustomizable>
  <name>Follow Up Appointments</name>
  <powerpagecomponenttype>18</powerpagecomponenttype>
  <powerpagesiteid>
    <powerpagesiteid>b23a439a-3767-4574-9af6-0df99f64a560</powerpagesiteid>
  </powerpagesiteid>
  <statecode>1</statecode>
  <statuscode>2</statuscode>
</powerpagecomponent>