<powerpagecomponent powerpagecomponentid="e76ce90c-4792-ef11-8a69-000d3af25c20">
  <content>{
  "partialurl": "favicon.ico",
  "excludefromsearch": false,
  "hiddenfromsitemap": false,
  "contentdisposition": 756150000,
  "publishingstateid": "47b68c5e-d545-4a4f-8783-a7d757139d20",
  "parentpageid": "778b4420-6ecc-49d4-9b59-6e01d0a65d0a"
}</content>
  <filecontent mimetype="image/x-icon">favicon.ico</filecontent>
  <iscustomizable>1</iscustomizable>
  <name>favicon.ico</name>
  <powerpagecomponenttype>3</powerpagecomponenttype>
  <powerpagesiteid>
    <powerpagesiteid>b23a439a-3767-4574-9af6-0df99f64a560</powerpagesiteid>
  </powerpagesiteid>
  <statecode>0</statecode>
  <statuscode>1</statuscode>
</powerpagecomponent>