<powerpagecomponent powerpagecomponentid="7e246348-a312-4fc9-a1c4-f4f91b08d40c">
  <content>{"enablerating":false,"enabletracking":false,"excludefromsearch":false,"hiddenfromsitemap":true,"isroot":true,"pagetemplateid":"63ba7892-963e-42fb-bd2c-575970ee35ad","parentpageid":"778b4420-6ecc-49d4-9b59-6e01d0a65d0a","partialurl":"search","publishingstateid":"47b68c5e-d545-4a4f-8783-a7d757139d20","sharedpageconfiguration":false}</content>
  <iscustomizable>1</iscustomizable>
  <name>Search</name>
  <powerpagecomponenttype>2</powerpagecomponenttype>
  <powerpagesiteid>
    <powerpagesiteid>b23a439a-3767-4574-9af6-0df99f64a560</powerpagesiteid>
  </powerpagesiteid>
  <searchcontent>Search</searchcontent>
  <statecode>0</statecode>
  <statuscode>1</statuscode>
</powerpagecomponent>