<powerpagecomponent powerpagecomponentid="b69ebcf6-6a6c-42ad-a195-344d300e6cd6">
  <content>{
  "filecontent": null,
  "description": "Enables or disables Azure AD as an external identity provider. By default, it is set to true.",
  "value": "true"
}</content>
  <iscustomizable>1</iscustomizable>
  <name>Authentication/Registration/AzureADLoginEnabled</name>
  <powerpagecomponenttype>9</powerpagecomponenttype>
  <powerpagesiteid>
    <powerpagesiteid>b23a439a-3767-4574-9af6-0df99f64a560</powerpagesiteid>
  </powerpagesiteid>
  <statecode>0</statecode>
  <statuscode>1</statuscode>
</powerpagecomponent>