<powerpagecomponent powerpagecomponentid="ec709a7f-1c2a-4baf-bc9d-213f0b2e212a">
  <content>{
  "display_name": "Default",
  "powerpagesitelanguageid": "fd05d1db-44d3-4b0d-977d-251c94a63878",
  "copy": "undefined"
}</content>
  <iscustomizable>1</iscustomizable>
  <name>Default</name>
  <powerpagecomponenttype>4</powerpagecomponenttype>
  <powerpagesiteid>
    <powerpagesiteid>b23a439a-3767-4574-9af6-0df99f64a560</powerpagesiteid>
  </powerpagesiteid>
  <statecode>0</statecode>
  <statuscode>1</statuscode>
</powerpagecomponent>