<powerpagecomponent powerpagecomponentid="847b9a1b-64a3-4786-a8c1-ae2b74a6aaf6">
  <content>{"displayorder":1,"enabletracking":false,"excludefromsearch":true,"hiddenfromsitemap":true,"parentpageid":"778b4420-6ecc-49d4-9b59-6e01d0a65d0a","partialurl":"bootstrap.min.css","publishingstateid":"47b68c5e-d545-4a4f-8783-a7d757139d20"}</content>
  <filecontent mimetype="application/octet-stream">bootstrap.min.css</filecontent>
  <iscustomizable>1</iscustomizable>
  <name>bootstrap.min.css</name>
  <powerpagecomponenttype>3</powerpagecomponenttype>
  <powerpagesiteid>
    <powerpagesiteid>b23a439a-3767-4574-9af6-0df99f64a560</powerpagesiteid>
  </powerpagesiteid>
  <statecode>0</statecode>
  <statuscode>1</statuscode>
</powerpagecomponent>