<powerpagecomponent powerpagecomponentid="06384d89-f46d-4545-9a45-50c3745fb669">
  <content>{
  "filecontent": null,
  "entityname": "Department",
  "entitylogicalname": "wb_department",
  "scope": 756150000,
  "append": true,
  "appendto": true,
  "delete": false,
  "read": true,
  "create": false,
  "write": false,
  "parentrelationship": null,
  "parententitypermission": null,
  "contactrelationship": null,
  "accountrelationship": null,
  "childTablePermissions": [],
  "adx_entitypermission_webrole": [
    "2bceb3b3-242f-4d5d-9135-4343d3b85f97",
    "03cabfc0-dd93-4222-a3de-5272e6d4f8ba"
  ]
}</content>
  <iscustomizable>1</iscustomizable>
  <name>Department</name>
  <powerpagecomponenttype>18</powerpagecomponenttype>
  <powerpagesiteid>
    <powerpagesiteid>b23a439a-3767-4574-9af6-0df99f64a560</powerpagesiteid>
  </powerpagesiteid>
  <statecode>0</statecode>
  <statuscode>1</statuscode>
</powerpagecomponent>