{
  "properties": {
    "connectionReferences": {
      "shared_commondataserviceforapps": {
        "impersonation": {},
        "runtimeSource": "embedded",
        "connection": {
          "connectionReferenceLogicalName": "new_sharedcommondataserviceforapps_4464d"
        },
        "api": {
          "name": "shared_commondataserviceforapps"
        }
      }
    },
    "definition": {
      "$schema": "https://schema.management.azure.com/providers/Microsoft.Logic/schemas/2016-06-01/workflowdefinition.json#",
      "contentVersion": "undefined",
      "parameters": {
        "$authentication": {
          "defaultValue": {},
          "type": "SecureObject"
        },
        "$connections": {
          "defaultValue": {},
          "type": "Object"
        }
      },
      "triggers": {
        "manual": {
          "metadata": {},
          "type": "Request",
          "kind": "Http",
          "inputs": {
            "schema": {
              "type": "object",
              "properties": {
                "contactId": {
                  "type": "string"
                }
              }
            },
            "triggerAuthenticationType": "All"
          }
        }
      },
      "actions": {
        "List_rows": {
          "runAfter": {
            "Initialize_variable_1": [
              "Succeeded"
            ]
          },
          "type": "OpenApiConnection",
          "inputs": {
            "parameters": {
              "entityName": "wb_appointments",
              "$select": "wb_appointmentid,crae7_feedbackstatus,wb_firstname",
              "$filter": "_cr7d6_contact_value eq '@{triggerBody()?['contactId']}'",
              "$orderby": "wb_dateofappointment desc",
              "$top": 1
            },
            "host": {
              "apiId": "/providers/Microsoft.PowerApps/apis/shared_commondataserviceforapps",
              "connectionName": "shared_commondataserviceforapps",
              "operationId": "ListRecords"
            },
            "authentication": "@parameters('$authentication')"
          }
        },
        "Initialize_variable": {
          "runAfter": {
            "Initialize_variable_2": [
              "Succeeded"
            ]
          },
          "type": "InitializeVariable",
          "inputs": {
            "variables": [
              {
                "name": "Appointment Id",
                "type": "string",
                "value": "kiran"
              }
            ]
          }
        },
        "For_each_1": {
          "foreach": "@outputs('List_rows')?['body/value']",
          "actions": {
            "Set_variable": {
              "type": "SetVariable",
              "inputs": {
                "name": "Appointment Id",
                "value": "@item()?['wb_appointmentid']"
              }
            }
          },
          "runAfter": {
            "For_each": [
              "Succeeded"
            ]
          },
          "type": "Foreach"
        },
        "Condition_1": {
          "actions": {
            "Response": {
              "type": "Response",
              "kind": "Http",
              "inputs": {
                "statusCode": 200,
                "body": {
                  "appointmentId": "@{variables('Appointment Id')}",
                  "purpose": "@{variables('appointment purpose')}"
                }
              }
            }
          },
          "runAfter": {
            "For_each_1": [
              "Succeeded"
            ]
          },
          "else": {
            "actions": {
              "Response_1": {
                "type": "Response",
                "kind": "Http",
                "inputs": {
                  "statusCode": 200,
                  "body": {
                    "appointmentId": ""
                  }
                }
              }
            }
          },
          "expression": {
            "and": [
              {
                "not": {
                  "equals": [
                    "@variables('Feedback Status')",
                    true
                  ]
                }
              },
              {
                "not": {
                  "equals": [
                    "@variables('Appointment Id')",
                    "kiran"
                  ]
                }
              }
            ]
          },
          "type": "If"
        },
        "Initialize_variable_1": {
          "runAfter": {
            "Initialize_variable": [
              "Succeeded"
            ]
          },
          "type": "InitializeVariable",
          "inputs": {
            "variables": [
              {
                "name": "Feedback Status",
                "type": "boolean"
              }
            ]
          }
        },
        "For_each": {
          "foreach": "@outputs('List_rows')?['body/value']",
          "actions": {
            "Set_variable_1": {
              "type": "SetVariable",
              "inputs": {
                "name": "Feedback Status",
                "value": "@item()?['crae7_feedbackstatus']"
              }
            }
          },
          "runAfter": {
            "For_each_2": [
              "Succeeded"
            ]
          },
          "type": "Foreach"
        },
        "Initialize_variable_2": {
          "runAfter": {},
          "type": "InitializeVariable",
          "inputs": {
            "variables": [
              {
                "name": "appointment purpose",
                "type": "string"
              }
            ]
          }
        },
        "For_each_2": {
          "foreach": "@outputs('List_rows')?['body/value']",
          "actions": {
            "Set_variable_2": {
              "type": "SetVariable",
              "inputs": {
                "name": "appointment purpose",
                "value": "@item()?['wb_firstname']"
              }
            }
          },
          "runAfter": {
            "List_rows": [
              "Succeeded"
            ]
          },
          "type": "Foreach"
        }
      }
    },
    "templateName": null
  },
  "schemaVersion": "1.0.0.0"
}