{
  "properties": {
    "connectionReferences": {
      "shared_commondataserviceforapps": {
        "impersonation": {},
        "runtimeSource": "embedded",
        "connection": {
          "connectionReferenceLogicalName": "new_sharedcommondataserviceforapps_4464d"
        },
        "api": {
          "name": "shared_commondataserviceforapps"
        }
      }
    },
    "definition": {
      "$schema": "https://schema.management.azure.com/providers/Microsoft.Logic/schemas/2016-06-01/workflowdefinition.json#",
      "contentVersion": "1.0.0.0",
      "parameters": {
        "$authentication": {
          "defaultValue": {},
          "type": "SecureObject"
        },
        "$connections": {
          "defaultValue": {},
          "type": "Object"
        }
      },
      "triggers": {
        "When_a_row_is_added,_modified_or_deleted": {
          "type": "OpenApiConnectionWebhook",
          "inputs": {
            "parameters": {
              "subscriptionRequest/message": 1,
              "subscriptionRequest/entityname": "wb_appointment",
              "subscriptionRequest/scope": 4
            },
            "host": {
              "apiId": "/providers/Microsoft.PowerApps/apis/shared_commondataserviceforapps",
              "connectionName": "shared_commondataserviceforapps",
              "operationId": "SubscribeWebhookTrigger"
            },
            "authentication": "@parameters('$authentication')"
          }
        }
      },
      "actions": {
        "Get_a_row_by_ID": {
          "runAfter": {},
          "type": "OpenApiConnection",
          "inputs": {
            "parameters": {
              "entityName": "wb_patientses",
              "recordId": "@triggerOutputs()?['body/_cr7d6_patient_value']"
            },
            "host": {
              "apiId": "/providers/Microsoft.PowerApps/apis/shared_commondataserviceforapps",
              "connectionName": "shared_commondataserviceforapps",
              "operationId": "GetItem"
            },
            "authentication": "@parameters('$authentication')"
          }
        },
        "Update_a_row": {
          "runAfter": {
            "Get_a_row_by_ID": [
              "Succeeded"
            ]
          },
          "type": "OpenApiConnection",
          "inputs": {
            "parameters": {
              "entityName": "wb_appointments",
              "recordId": "@triggerOutputs()?['body/wb_appointmentid']",
              "item/wb_medicalconcern": "@outputs('Get_a_row_by_ID')?['body/wb_medicalconcern']"
            },
            "host": {
              "apiId": "/providers/Microsoft.PowerApps/apis/shared_commondataserviceforapps",
              "connectionName": "shared_commondataserviceforapps",
              "operationId": "UpdateOnlyRecord"
            },
            "authentication": "@parameters('$authentication')"
          }
        }
      },
      "outputs": {}
    },
    "templateName": null
  },
  "schemaVersion": "1.0.0.0"
}