{
  "properties": {
    "connectionReferences": {
      "shared_commondataserviceforapps-1": {
        "runtimeSource": "embedded",
        "connection": {
          "connectionReferenceLogicalName": "new_sharedcommondataserviceforapps_4464d"
        },
        "api": {
          "name": "shared_commondataserviceforapps"
        }
      }
    },
    "definition": {
      "$schema": "https://schema.management.azure.com/providers/Microsoft.Logic/schemas/2016-06-01/workflowdefinition.json#",
      "contentVersion": "1.0.0.0",
      "parameters": {
        "$connections": {
          "defaultValue": {},
          "type": "Object"
        },
        "$authentication": {
          "defaultValue": {},
          "type": "SecureObject"
        }
      },
      "triggers": {
        "manual": {
          "metadata": {
            "operationMetadataId": "e7f77824-f245-454e-957f-268541d57378"
          },
          "type": "Request",
          "kind": "Skills",
          "inputs": {
            "schema": {
              "type": "object",
              "properties": {
                "email": {
                  "description": "Enter an email address.",
                  "format": "email",
                  "title": "Email",
                  "type": "string",
                  "x-ms-content-hint": "EMAIL",
                  "x-ms-dynamically-added": true
                }
              },
              "required": [
                "email"
              ]
            }
          }
        }
      },
      "actions": {
        "List_rows": {
          "runAfter": {
            "Initialize_variable_2": [
              "Succeeded"
            ]
          },
          "metadata": {
            "operationMetadataId": "601cbada-a8b2-4399-b08f-8d383bd4b81f"
          },
          "type": "OpenApiConnection",
          "inputs": {
            "parameters": {
              "entityName": "contacts",
              "$select": "firstname,lastname,contactid",
              "$filter": "emailaddress1 eq '@{variables('User Email')}'"
            },
            "host": {
              "connectionName": "shared_commondataserviceforapps-1",
              "operationId": "ListRecords",
              "apiId": "/providers/Microsoft.PowerApps/apis/shared_commondataserviceforapps"
            },
            "authentication": "@parameters('$authentication')"
          }
        },
        "For_each_1": {
          "foreach": "@outputs('List_rows')?['body/value']",
          "actions": {
            "set_Flow_output": {
              "runAfter": {},
              "metadata": {
                "operationMetadataId": "80736c41-9dcd-4e1e-b5cf-6200ae7d481b"
              },
              "type": "SetVariable",
              "inputs": {
                "name": "Flow_output",
                "value": " @{items('For_each_1')?['firstname']} @{items('For_each_1')?['lastname']}"
              }
            }
          },
          "runAfter": {
            "List_rows": [
              "Succeeded"
            ]
          },
          "metadata": {
            "operationMetadataId": "15a07b12-1857-4957-8b31-7e9a809a68ea"
          },
          "type": "Foreach"
        },
        "Initialize_variable": {
          "runAfter": {
            "Append_to_string_variable": [
              "Succeeded"
            ]
          },
          "metadata": {
            "operationMetadataId": "9846d68b-6b85-45fa-bccf-d1ad71778c40"
          },
          "type": "InitializeVariable",
          "inputs": {
            "variables": [
              {
                "name": "Flow_output",
                "type": "string"
              }
            ]
          }
        },
        "Initialize_variable_1": {
          "runAfter": {},
          "metadata": {
            "operationMetadataId": "f36a9fc6-2664-4daa-8c3f-0ae5e381833c"
          },
          "type": "InitializeVariable",
          "inputs": {
            "variables": [
              {
                "name": "User Email",
                "type": "string"
              }
            ]
          }
        },
        "Append_to_string_variable": {
          "runAfter": {
            "Initialize_variable_1": [
              "Succeeded"
            ]
          },
          "metadata": {
            "operationMetadataId": "e942c094-d031-4cb5-a83a-2d4154eada3f"
          },
          "type": "AppendToStringVariable",
          "inputs": {
            "name": "User Email",
            "value": "@triggerBody()?['email']"
          }
        },
        "Initialize_variable_2": {
          "runAfter": {
            "Initialize_variable": [
              "Succeeded"
            ]
          },
          "metadata": {
            "operationMetadataId": "31d39ed2-f926-4a24-a191-c41805f33566"
          },
          "type": "InitializeVariable",
          "inputs": {
            "variables": [
              {
                "name": "Contact GUID",
                "type": "string"
              }
            ]
          }
        },
        "For_each": {
          "foreach": "@outputs('List_rows')?['body/value']",
          "actions": {
            "Set_variable": {
              "runAfter": {},
              "metadata": {
                "operationMetadataId": "4af753c1-8c27-4c5e-96d5-7336d044fc2f"
              },
              "type": "SetVariable",
              "inputs": {
                "name": "Contact GUID",
                "value": "@items('For_each')?['contactid']"
              }
            }
          },
          "runAfter": {
            "For_each_1": [
              "Succeeded"
            ]
          },
          "metadata": {
            "operationMetadataId": "11f990a2-954a-4405-96f2-e9820dad56e4"
          },
          "type": "Foreach"
        },
        "Respond_to_Copilot": {
          "runAfter": {
            "For_each": [
              "Succeeded"
            ]
          },
          "metadata": {
            "operationMetadataId": "d2e2d865-7662-4a20-9486-0451f3679454"
          },
          "type": "Response",
          "kind": "Skills",
          "inputs": {
            "statusCode": 200,
            "body": {
              "output": "@{variables('Flow_output')}",
              "contact_guid": "@{variables('Contact GUID')}"
            },
            "schema": {
              "type": "object",
              "properties": {
                "output": {
                  "title": "Output",
                  "x-ms-dynamically-added": true,
                  "type": "string"
                },
                "contact_guid": {
                  "title": "Contact GUID",
                  "x-ms-dynamically-added": true,
                  "type": "string"
                }
              }
            }
          }
        }
      },
      "outputs": {}
    },
    "templateName": ""
  },
  "schemaVersion": "1.0.0.0"
}