{
  "properties": {
    "connectionReferences": {
      "shared_commondataserviceforapps": {
        "api": {
          "name": "shared_commondataserviceforapps"
        },
        "connection": {
          "connectionReferenceLogicalName": "new_sharedcommondataserviceforapps_4464d"
        },
        "runtimeSource": "embedded"
      }
    },
    "definition": {
      "$schema": "https://schema.management.azure.com/providers/Microsoft.Logic/schemas/2016-06-01/workflowdefinition.json#",
      "contentVersion": "1.0.0.0",
      "parameters": {
        "$authentication": {
          "defaultValue": {},
          "type": "SecureObject"
        },
        "$connections": {
          "defaultValue": {},
          "type": "Object"
        }
      },
      "triggers": {
        "manual": {
          "type": "Request",
          "kind": "VirtualAgent",
          "inputs": {
            "schema": {
              "type": "object",
              "properties": {
                "text": {
                  "description": "Please enter your input",
                  "title": "PatientGUID",
                  "type": "string",
                  "x-ms-content-hint": "TEXT",
                  "x-ms-dynamically-added": true
                },
                "text_1": {
                  "description": "Please enter your input",
                  "title": "Allergies",
                  "type": "string",
                  "x-ms-content-hint": "TEXT",
                  "x-ms-dynamically-added": true
                },
                "text_2": {
                  "description": "Please enter your input",
                  "title": "AppointmentDate",
                  "type": "string",
                  "x-ms-content-hint": "TEXT",
                  "x-ms-dynamically-added": true
                },
                "number": {
                  "description": "Please enter a number",
                  "title": "TimeSlotValue",
                  "type": "number",
                  "x-ms-content-hint": "NUMBER",
                  "x-ms-dynamically-added": true
                },
                "number_1": {
                  "description": "Please enter a number",
                  "title": "MedicalConcern",
                  "type": "number",
                  "x-ms-content-hint": "NUMBER",
                  "x-ms-dynamically-added": true
                },
                "text_4": {
                  "description": "Please enter your input",
                  "title": "Purpose",
                  "type": "string",
                  "x-ms-content-hint": "TEXT",
                  "x-ms-dynamically-added": true
                },
                "text_5": {
                  "description": "Please enter your input",
                  "title": "DepartmentGUID",
                  "type": "string",
                  "x-ms-content-hint": "TEXT",
                  "x-ms-dynamically-added": true
                }
              },
              "required": [
                "text_1",
                "number",
                "number_1",
                "text_4",
                "text_5"
              ]
            },
            "parameters": null
          },
          "metadata": {
            "operationMetadataId": "9306f45a-8abd-43aa-a10c-091641c7ea6d"
          }
        }
      },
      "actions": {
        "Return_value(s)_to_Power_Virtual_Agents": {
          "type": "Response",
          "kind": "Http",
          "inputs": {
            "statusCode": 200,
            "body": {},
            "schema": {
              "type": "object",
              "properties": {},
              "additionalProperties": {}
            }
          },
          "runAfter": {
            "Add_a_new_row": [
              "SUCCEEDED"
            ]
          },
          "metadata": {
            "operationMetadataId": "aa0b7e03-8cec-47f1-83d8-7da00a71319e"
          }
        },
        "Add_a_new_row": {
          "type": "OpenApiConnection",
          "inputs": {
            "parameters": {
              "entityName": "wb_appointments",
              "item/wb_allergiessymptoms": "@triggerBody()?['text_1']",
              "item/wb_dateofappointment": "@triggerBody()?['text_2']",
              "item/statuscode": 688640001,
              "item/wb_Department@odata.bind": "@triggerBody()?['text_5']",
              "item/wb_medicalconcern": "@triggerBody()?['number_1']",
              "item/cr7d6_Patient@odata.bind": "@triggerBody()?['text']",
              "item/wb_firstname": "@triggerBody()?['text_4']",
              "item/wb_timeslot": "@triggerBody()?['number']"
            },
            "host": {
              "apiId": "/providers/Microsoft.PowerApps/apis/shared_commondataserviceforapps",
              "operationId": "CreateRecord",
              "connectionName": "shared_commondataserviceforapps"
            }
          },
          "runAfter": {}
        }
      },
      "outputs": {},
      "description": "Call this flow from Power Virtual Agents."
    },
    "templateName": null
  },
  "schemaVersion": "1.0.0.0"
}