{
  "properties": {
    "connectionReferences": {
      "shared_commondataserviceforapps": {
        "impersonation": {},
        "runtimeSource": "embedded",
        "connection": {
          "connectionReferenceLogicalName": "new_sharedcommondataserviceforapps_4464d"
        },
        "api": {
          "name": "shared_commondataserviceforapps"
        }
      }
    },
    "definition": {
      "$schema": "https://schema.management.azure.com/providers/Microsoft.Logic/schemas/2016-06-01/workflowdefinition.json#",
      "contentVersion": "undefined",
      "parameters": {
        "$authentication": {
          "defaultValue": {},
          "type": "SecureObject"
        },
        "$connections": {
          "defaultValue": {},
          "type": "Object"
        }
      },
      "triggers": {
        "manual": {
          "metadata": {},
          "type": "Request",
          "kind": "Http",
          "inputs": {
            "schema": {
              "type": "object",
              "properties": {
                "appointmentId": {
                  "type": "string"
                },
                "rating": {
                  "type": "integer"
                },
                "feedback": {
                  "type": "string"
                }
              }
            },
            "triggerAuthenticationType": "All"
          }
        }
      },
      "actions": {
        "Add_a_new_row": {
          "runAfter": {
            "Set_variable": [
              "Succeeded"
            ]
          },
          "type": "OpenApiConnection",
          "inputs": {
            "parameters": {
              "entityName": "crae7_appointmentfeedbacks",
              "item/crae7_feedback": "@triggerBody()?['feedback']",
              "item/crae7_feedbacksubmitted": true,
              "item/crae7_PatientAppointmentId@odata.bind": "wb_appointments(@{triggerBody()?['appointmentId']})",
              "item/crae7_rating": "@triggerBody()?['rating']"
            },
            "host": {
              "apiId": "/providers/Microsoft.PowerApps/apis/shared_commondataserviceforapps",
              "connectionName": "shared_commondataserviceforapps",
              "operationId": "CreateRecord"
            },
            "authentication": "@parameters('$authentication')"
          }
        },
        "Response": {
          "runAfter": {
            "Update_a_row": [
              "Succeeded"
            ]
          },
          "type": "Response",
          "kind": "Http",
          "inputs": {
            "statusCode": 200,
            "body": {
              "status": "success",
              "message": "Feedback submitted successfully!"
            }
          }
        },
        "Initialize_variable": {
          "runAfter": {},
          "type": "InitializeVariable",
          "inputs": {
            "variables": [
              {
                "name": "app id",
                "type": "string",
                "value": "Kiran"
              }
            ]
          }
        },
        "Set_variable": {
          "runAfter": {
            "Initialize_variable": [
              "Succeeded"
            ]
          },
          "type": "SetVariable",
          "inputs": {
            "name": "app id",
            "value": "@triggerBody()?['appointmentId']"
          }
        },
        "Update_a_row": {
          "runAfter": {
            "Add_a_new_row": [
              "Succeeded"
            ]
          },
          "type": "OpenApiConnection",
          "inputs": {
            "parameters": {
              "entityName": "wb_appointments",
              "recordId": "@triggerBody()?['appointmentId']",
              "item/crae7_feedbackstatus": true
            },
            "host": {
              "apiId": "/providers/Microsoft.PowerApps/apis/shared_commondataserviceforapps",
              "connectionName": "shared_commondataserviceforapps",
              "operationId": "UpdateOnlyRecord"
            },
            "authentication": "@parameters('$authentication')"
          }
        }
      }
    },
    "templateName": null
  },
  "schemaVersion": "1.0.0.0"
}