{
  "properties": {
    "connectionReferences": {
      "shared_commondataserviceforapps": {
        "api": {
          "name": "shared_commondataserviceforapps"
        },
        "connection": {
          "connectionReferenceLogicalName": "new_sharedcommondataserviceforapps_4464d"
        },
        "runtimeSource": "embedded"
      },
      "shared_gmail": {
        "api": {
          "name": "shared_gmail"
        },
        "connection": {
          "connectionReferenceLogicalName": "new_sharedgmail_1dfdd"
        },
        "runtimeSource": "embedded"
      }
    },
    "definition": {
      "$schema": "https://schema.management.azure.com/providers/Microsoft.Logic/schemas/2016-06-01/workflowdefinition.json#",
      "contentVersion": "1.0.0.0",
      "parameters": {
        "$authentication": {
          "defaultValue": {},
          "type": "SecureObject"
        },
        "$connections": {
          "defaultValue": {},
          "type": "Object"
        }
      },
      "triggers": {
        "When_a_row_is_added,_modified_or_deleted": {
          "type": "OpenApiConnectionWebhook",
          "inputs": {
            "parameters": {
              "subscriptionRequest/message": 4,
              "subscriptionRequest/entityname": "wb_insurance",
              "subscriptionRequest/scope": 4
            },
            "host": {
              "apiId": "/providers/Microsoft.PowerApps/apis/shared_commondataserviceforapps",
              "operationId": "SubscribeWebhookTrigger",
              "connectionName": "shared_commondataserviceforapps"
            }
          },
          "metadata": {
            "operationMetadataId": "b8f6a814-53c5-44fe-81ac-aeb8e5a53204"
          }
        }
      },
      "actions": {
        "Scope": {
          "type": "Scope",
          "actions": {
            "Get_a_row_by_ID": {
              "type": "OpenApiConnection",
              "inputs": {
                "parameters": {
                  "entityName": "wb_patientses",
                  "recordId": "@triggerOutputs()?['body/_wb_patientid_value']"
                },
                "host": {
                  "apiId": "/providers/Microsoft.PowerApps/apis/shared_commondataserviceforapps",
                  "operationId": "GetItem",
                  "connectionName": "shared_commondataserviceforapps"
                }
              },
              "metadata": {
                "operationMetadataId": "711e5806-dea7-48b9-816b-6e6d8ea5d156"
              }
            },
            "Condition": {
              "type": "If",
              "expression": {
                "and": [
                  {
                    "equals": [
                      "@outputs('Get_a_row_by_ID')?['body/statecode']",
                      1
                    ]
                  }
                ]
              },
              "actions": {
                "add_a_new_row": {
                  "type": "OpenApiConnection",
                  "inputs": {
                    "parameters": {
                      "entityName": "emails",
                      "item/description": "Hello @{triggerOutputs()?['body/_wb_patientname_value']},\n\n         This is to inform you that your status of the insurance is @{triggerOutputs()?['body/wb_statusactiveinactive']}.\n\nThank You.",
                      "item/sender": "SystemAdminUser@wellnessbeing.onmicrosoft.com",
                      "item/subject": "About your Insurances",
                      "item/torecipients": "@outputs('Get_a_row_by_ID')?['body/wb_email']"
                    },
                    "host": {
                      "apiId": "/providers/Microsoft.PowerApps/apis/shared_commondataserviceforapps",
                      "operationId": "CreateRecord",
                      "connectionName": "shared_commondataserviceforapps"
                    }
                  },
                  "metadata": {
                    "operationMetadataId": "cecfdc63-fb26-4b2e-b704-7afa3c890aa0"
                  }
                },
                "Send_email_(V2)": {
                  "type": "OpenApiConnection",
                  "inputs": {
                    "parameters": {
                      "emailMessage/To": "@outputs('Get_a_row_by_ID')?['body/wb_email']",
                      "emailMessage/Subject": "About your Insurances",
                      "emailMessage/Body": "<p>Hello @{triggerOutputs()?['body/_wb_patientname_value']},<br>\n<br>\n&nbsp;&nbsp;&nbsp;&nbsp;&nbsp;&nbsp;&nbsp;&nbsp;This is to inform you that your status of the insurance is @{triggerOutputs()?['body/wb_statusactiveinactive']}.<br>\n<br>\nThank You.</p>"
                    },
                    "host": {
                      "apiId": "/providers/Microsoft.PowerApps/apis/shared_gmail",
                      "operationId": "SendEmailV2",
                      "connectionName": "shared_gmail"
                    }
                  },
                  "runAfter": {
                    "add_a_new_row": [
                      "Succeeded"
                    ]
                  },
                  "metadata": {
                    "operationMetadataId": "b3e8f76a-85ca-45ed-8d9d-d463a2e4c9db"
                  }
                }
              },
              "else": {
                "actions": {
                  "Add_a_new_row_2": {
                    "type": "OpenApiConnection",
                    "inputs": {
                      "parameters": {
                        "entityName": "emails",
                        "item/description": "Hello @{triggerOutputs()?['body/_wb_patientname_value']},\n\n        This is to inform you that your status of the insurance is @{triggerOutputs()?['body/wb_statusactiveinactive']}.\n\nThank You.",
                        "item/subject": "About your Insurances",
                        "item/torecipients": "@outputs('Get_a_row_by_ID')?['body/wb_email']"
                      },
                      "host": {
                        "apiId": "/providers/Microsoft.PowerApps/apis/shared_commondataserviceforapps",
                        "operationId": "CreateRecord",
                        "connectionName": "shared_commondataserviceforapps"
                      }
                    },
                    "metadata": {
                      "operationMetadataId": "eb206e46-1bbb-499c-b557-28d844f1c936"
                    }
                  },
                  "Send_email_(V2)_2": {
                    "type": "OpenApiConnection",
                    "inputs": {
                      "parameters": {
                        "emailMessage/To": "@outputs('Get_a_row_by_ID')?['body/wb_email']",
                        "emailMessage/Subject": "About Your Insurances",
                        "emailMessage/Body": "<p>Hello @{triggerOutputs()?['body/_wb_patientname_value']},<br>\n<br>\n&nbsp;&nbsp;&nbsp;&nbsp;&nbsp;&nbsp;&nbsp;&nbsp;This is to inform you that your status of the insurance is @{triggerOutputs()?['body/wb_statusactiveinactive']}.<br>\n<br>\nThank You.</p>"
                      },
                      "host": {
                        "apiId": "/providers/Microsoft.PowerApps/apis/shared_gmail",
                        "operationId": "SendEmailV2",
                        "connectionName": "shared_gmail"
                      }
                    },
                    "runAfter": {
                      "Add_a_new_row_2": [
                        "Succeeded"
                      ]
                    },
                    "metadata": {
                      "operationMetadataId": "731b00ac-f972-4efe-bc43-087e539caf90"
                    }
                  }
                }
              },
              "runAfter": {
                "Get_a_row_by_ID": [
                  "Succeeded"
                ]
              },
              "metadata": {
                "operationMetadataId": "ab33cdb9-378e-4d5e-ae15-ff857ef841ac"
              }
            }
          },
          "runAfter": {},
          "metadata": {
            "operationMetadataId": "88c3cc2b-ccca-4632-a9c1-6ab0d476c127"
          }
        }
      }
    },
    "templateName": null
  },
  "schemaVersion": "1.0.0.0"
}