{
  "properties": {
    "connectionReferences": {
      "shared_commondataserviceforapps_1": {
        "runtimeSource": "embedded",
        "connection": {
          "connectionReferenceLogicalName": "new_sharedcommondataserviceforapps_4464d"
        },
        "api": {
          "name": "shared_commondataserviceforapps"
        }
      }
    },
    "definition": {
      "$schema": "https://schema.management.azure.com/providers/Microsoft.Logic/schemas/2016-06-01/workflowdefinition.json#",
      "contentVersion": "1.0.0.0",
      "parameters": {
        "$connections": {
          "defaultValue": {},
          "type": "Object"
        },
        "$authentication": {
          "defaultValue": {},
          "type": "SecureObject"
        }
      },
      "triggers": {
        "When_a_row_is_added,_modified_or_deleted": {
          "metadata": {
            "operationMetadataId": "b87ce8e0-394c-445e-a06a-d7ffecc473e7"
          },
          "type": "OpenApiConnectionWebhook",
          "inputs": {
            "host": {
              "connectionName": "shared_commondataserviceforapps_1",
              "operationId": "SubscribeWebhookTrigger",
              "apiId": "/providers/Microsoft.PowerApps/apis/shared_commondataserviceforapps"
            },
            "parameters": {
              "subscriptionRequest/message": 4,
              "subscriptionRequest/entityname": "wb_billingsinvoices",
              "subscriptionRequest/scope": 4,
              "subscriptionRequest/filterexpression": "wb_paymentstatus eq 127630000\n"
            },
            "authentication": "@parameters('$authentication')"
          }
        }
      },
      "actions": {
        "Get_a_row_by_ID_Bill": {
          "runAfter": {},
          "metadata": {
            "operationMetadataId": "2e79efe7-c684-4279-8cb8-7a3bd2f47e96"
          },
          "type": "OpenApiConnection",
          "inputs": {
            "host": {
              "connectionName": "shared_commondataserviceforapps_1",
              "operationId": "GetItem",
              "apiId": "/providers/Microsoft.PowerApps/apis/shared_commondataserviceforapps"
            },
            "parameters": {
              "entityName": "wb_billingsinvoiceses",
              "recordId": "@triggerOutputs()?['body/wb_billingsinvoicesid']"
            },
            "authentication": "@parameters('$authentication')"
          }
        },
        "Get_a_row_by_ID_Patient": {
          "runAfter": {
            "Get_a_row_by_ID_Bill": [
              "Succeeded"
            ]
          },
          "metadata": {
            "operationMetadataId": "2f8b637d-f42f-4734-bc8e-f3c8a0098f40"
          },
          "type": "OpenApiConnection",
          "inputs": {
            "host": {
              "connectionName": "shared_commondataserviceforapps_1",
              "operationId": "GetItem",
              "apiId": "/providers/Microsoft.PowerApps/apis/shared_commondataserviceforapps"
            },
            "parameters": {
              "entityName": "wb_patientses",
              "recordId": "@outputs('Get_a_row_by_ID_Bill')?['body/_wb_patientid_value']"
            },
            "authentication": "@parameters('$authentication')"
          }
        },
        "Add_a_new_row": {
          "runAfter": {
            "Get_a_row_by_ID_Patient": [
              "Succeeded"
            ]
          },
          "metadata": {
            "operationMetadataId": "aa8982ee-92b7-4ebb-8e49-94ccf1f69f08"
          },
          "type": "OpenApiConnection",
          "inputs": {
            "host": {
              "connectionName": "shared_commondataserviceforapps_1",
              "operationId": "CreateRecord",
              "apiId": "/providers/Microsoft.PowerApps/apis/shared_commondataserviceforapps"
            },
            "parameters": {
              "entityName": "emails",
              "item/description": "Hi ,@{outputs('Get_a_row_by_ID_Patient')?['body/wb_firstname']}@{outputs('Get_a_row_by_ID_Patient')?['body/wb_lastname']}\n\nThank you for your payment.\n\nHere are the details of your invoice:\nInvoice ID: @{outputs('Get_a_row_by_ID_Bill')?['body/wb_invoiceid']}\nDate: @{outputs('Get_a_row_by_ID_Bill')?['body/createdon']}\n\nBilling Details:\nPatiend ID: @{outputs('Get_a_row_by_ID_Patient')?['body/wb_patientid']}\nConsultation fee: ₹@{outputs('Get_a_row_by_ID_Bill')?['body/wb_consultationfee']}\nLab Charges: ₹@{outputs('Get_a_row_by_ID_Bill')?['body/wb_labcharges']}\nRoom Charges: ₹@{outputs('Get_a_row_by_ID_Bill')?['body/wb_roomcharges']}\nDays_Admitted: @{outputs('Get_a_row_by_ID_Bill')?['body/wb_days_admitted']}\nTotal Amount: ₹@{outputs('Get_a_row_by_ID_Bill')?['body/wb_totalamount']}\n\nWe appreciate your timely payment.\nThank you",
              "item/sender": "billing_wellness@gmail.com",
              "item/regardingobjectid_wb_patients_email@odata.bind": "wb_patientses(@{outputs('Get_a_row_by_ID_Bill')?['body/_wb_patientid_value']})",
              "item/subject": "Invoice Details for @{outputs('Get_a_row_by_ID_Patient')?['body/wb_firstname']} @{outputs('Get_a_row_by_ID_Patient')?['body/wb_lastname']}\n",
              "item/torecipients": "@outputs('Get_a_row_by_ID_Patient')?['body/wb_email']"
            },
            "authentication": "@parameters('$authentication')"
          }
        }
      },
      "outputs": {}
    },
    "templateName": ""
  },
  "schemaVersion": "1.0.0.0"
}