{
  "properties": {
    "connectionReferences": {
      "shared_commondataserviceforapps": {
        "impersonation": {},
        "runtimeSource": "embedded",
        "connection": {
          "connectionReferenceLogicalName": "new_sharedcommondataserviceforapps_4464d"
        },
        "api": {
          "name": "shared_commondataserviceforapps"
        }
      }
    },
    "definition": {
      "$schema": "https://schema.management.azure.com/providers/Microsoft.Logic/schemas/2016-06-01/workflowdefinition.json#",
      "contentVersion": "1.0.0.0",
      "parameters": {
        "$authentication": {
          "defaultValue": {},
          "type": "SecureObject"
        },
        "$connections": {
          "defaultValue": {},
          "type": "Object"
        }
      },
      "triggers": {
        "When_a_row_is_added,_modified_or_deleted": {
          "type": "OpenApiConnectionWebhook",
          "inputs": {
            "parameters": {
              "subscriptionRequest/message": 1,
              "subscriptionRequest/entityname": "wb_billingsinvoices",
              "subscriptionRequest/scope": 4
            },
            "host": {
              "apiId": "/providers/Microsoft.PowerApps/apis/shared_commondataserviceforapps",
              "connectionName": "shared_commondataserviceforapps",
              "operationId": "SubscribeWebhookTrigger"
            },
            "authentication": "@parameters('$authentication')"
          },
          "runtimeConfiguration": {
            "concurrency": {
              "runs": 100
            }
          }
        }
      },
      "actions": {
        "Get_a_row_by_ID_Patients": {
          "runAfter": {},
          "type": "OpenApiConnection",
          "inputs": {
            "parameters": {
              "entityName": "wb_patientses",
              "recordId": "@triggerOutputs()?['body/_wb_patientid_value']"
            },
            "host": {
              "apiId": "/providers/Microsoft.PowerApps/apis/shared_commondataserviceforapps",
              "connectionName": "shared_commondataserviceforapps",
              "operationId": "GetItem"
            },
            "authentication": "@parameters('$authentication')"
          }
        },
        "Get_a_row_by_ID_Doctors": {
          "runAfter": {
            "Get_a_row_by_ID_Patients": [
              "Succeeded"
            ]
          },
          "type": "OpenApiConnection",
          "inputs": {
            "parameters": {
              "entityName": "wb_doctorses",
              "recordId": "@outputs('Get_a_row_by_ID_Patients')?['body/_wb_doctor_value']"
            },
            "host": {
              "apiId": "/providers/Microsoft.PowerApps/apis/shared_commondataserviceforapps",
              "connectionName": "shared_commondataserviceforapps",
              "operationId": "GetItem"
            },
            "authentication": "@parameters('$authentication')"
          }
        },
        "Compose_Consultation_Fee": {
          "runAfter": {
            "Get_a_row_by_ID_Doctors": [
              "Succeeded"
            ]
          },
          "type": "Compose",
          "inputs": "@outputs('Get_a_row_by_ID_Doctors')?['body/wb_consultationfee']"
        },
        "List_rows": {
          "runAfter": {
            "Compose_Consultation_Fee": [
              "Succeeded"
            ]
          },
          "type": "OpenApiConnection",
          "inputs": {
            "parameters": {
              "entityName": "wb_labtests",
              "$filter": "_wb_patientid_value eq '@{triggerOutputs()?['body/_wb_patientid_value']}'\n"
            },
            "host": {
              "apiId": "/providers/Microsoft.PowerApps/apis/shared_commondataserviceforapps",
              "connectionName": "shared_commondataserviceforapps",
              "operationId": "ListRecords"
            },
            "authentication": "@parameters('$authentication')"
          }
        },
        "Select": {
          "runAfter": {
            "List_rows": [
              "Succeeded"
            ]
          },
          "type": "Select",
          "inputs": {
            "from": "@outputs('List_rows')?['body/value']",
            "select": {
              "TestCost": "@item()?['cr7d6_testcost']\n"
            }
          }
        },
        "Compose_Lab_Charge": {
          "runAfter": {
            "Select": [
              "Succeeded"
            ]
          },
          "type": "Compose",
          "inputs": "@body('Select')[0]?['TestCost']\n"
        },
        "Compose_Room_Charges": {
          "runAfter": {
            "Compose_Lab_Charge": [
              "Succeeded"
            ]
          },
          "type": "Compose",
          "inputs": "@outputs('Get_a_row_by_ID_Patients')?['body/wb_totalcharge']"
        },
        "Compose_Days_Admitted": {
          "runAfter": {
            "Compose_Room_Charges": [
              "Succeeded"
            ]
          },
          "type": "Compose",
          "inputs": "@outputs('Get_a_row_by_ID_Patients')?['body/crae7_daysadmitted']"
        },
        "Update_a_row": {
          "runAfter": {
            "Compose_Days_Admitted": [
              "Succeeded"
            ]
          },
          "type": "OpenApiConnection",
          "inputs": {
            "parameters": {
              "entityName": "wb_billingsinvoiceses",
              "recordId": "@triggerOutputs()?['body/wb_billingsinvoicesid']",
              "item/wb_admission_status": "@outputs('Get_a_row_by_ID_Patients')?['body/wb_isadmitted']",
              "item/wb_consultationfee": "@outputs('Compose_Consultation_Fee')",
              "item/wb_days_admitted": "@outputs('Compose_Days_Admitted')",
              "item/wb_labcharges": "@outputs('Compose_Lab_Charge')",
              "item/wb_roomcharges": "@outputs('Compose_Room_Charges')"
            },
            "host": {
              "apiId": "/providers/Microsoft.PowerApps/apis/shared_commondataserviceforapps",
              "connectionName": "shared_commondataserviceforapps",
              "operationId": "UpdateOnlyRecord"
            },
            "authentication": "@parameters('$authentication')"
          }
        }
      },
      "outputs": {}
    },
    "templateName": null
  },
  "schemaVersion": "1.0.0.0"
}