{
  "properties": {
    "connectionReferences": {
      "shared_commondataserviceforapps": {
        "api": {
          "name": "shared_commondataserviceforapps"
        },
        "connection": {
          "connectionReferenceLogicalName": "new_sharedcommondataserviceforapps_4464d"
        },
        "runtimeSource": "embedded"
      }
    },
    "definition": {
      "$schema": "https://schema.management.azure.com/providers/Microsoft.Logic/schemas/2016-06-01/workflowdefinition.json#",
      "contentVersion": "1.0.0.0",
      "parameters": {
        "$authentication": {
          "defaultValue": {},
          "type": "SecureObject"
        },
        "$connections": {
          "defaultValue": {},
          "type": "Object"
        }
      },
      "triggers": {
        "When_a_row_is_added,_modified_or_deleted": {
          "type": "OpenApiConnectionWebhook",
          "inputs": {
            "parameters": {
              "subscriptionRequest/message": 3,
              "subscriptionRequest/entityname": "wb_labtest",
              "subscriptionRequest/scope": 4,
              "subscriptionRequest/filteringattributes": "wb_treatmenttype"
            },
            "host": {
              "apiId": "/providers/Microsoft.PowerApps/apis/shared_commondataserviceforapps",
              "operationId": "SubscribeWebhookTrigger",
              "connectionName": "shared_commondataserviceforapps"
            }
          },
          "metadata": {
            "operationMetadataId": "c63b958a-f23e-48e1-9347-e1df9a26433d"
          }
        }
      },
      "actions": {
        "Condition": {
          "type": "If",
          "expression": {
            "and": [
              {
                "equals": [
                  "@outputs('Compose')",
                  1
                ]
              }
            ]
          },
          "actions": {
            "Get_a_row_by_ID": {
              "type": "OpenApiConnection",
              "inputs": {
                "parameters": {
                  "entityName": "wb_patientses",
                  "recordId": "@triggerOutputs()?['body/_wb_patientid_value']"
                },
                "host": {
                  "apiId": "/providers/Microsoft.PowerApps/apis/shared_commondataserviceforapps",
                  "operationId": "GetItem",
                  "connectionName": "shared_commondataserviceforapps"
                }
              },
              "metadata": {
                "operationMetadataId": "12195347-d2f5-407c-815a-192e15189440"
              }
            },
            "Update_a_row": {
              "type": "OpenApiConnection",
              "inputs": {
                "parameters": {
                  "entityName": "wb_patientses",
                  "recordId": "@triggerOutputs()?['body/_wb_patientid_value']",
                  "item/wb_treatmenttype": 1
                },
                "host": {
                  "apiId": "/providers/Microsoft.PowerApps/apis/shared_commondataserviceforapps",
                  "operationId": "UpdateRecord",
                  "connectionName": "shared_commondataserviceforapps"
                }
              },
              "runAfter": {
                "Get_a_row_by_ID": [
                  "Succeeded"
                ]
              },
              "metadata": {
                "operationMetadataId": "ac9e822c-a8b6-4ec6-9169-d8dc5b9325b8"
              }
            }
          },
          "else": {
            "actions": {
              "Update_a_row_1": {
                "type": "OpenApiConnection",
                "inputs": {
                  "parameters": {
                    "entityName": "wb_patientses",
                    "recordId": "@triggerOutputs()?['body/_wb_patientid_value']",
                    "item/wb_treatmenttype": 2
                  },
                  "host": {
                    "apiId": "/providers/Microsoft.PowerApps/apis/shared_commondataserviceforapps",
                    "operationId": "UpdateOnlyRecord",
                    "connectionName": "shared_commondataserviceforapps"
                  }
                },
                "metadata": {
                  "operationMetadataId": "f89e6713-e634-4958-8bdf-d967c00ab1d4"
                }
              }
            }
          },
          "runAfter": {
            "Compose": [
              "Succeeded"
            ]
          },
          "metadata": {
            "operationMetadataId": "7952ea33-4b9f-4b6d-a4fd-8776026932cc"
          }
        },
        "Compose": {
          "type": "Compose",
          "inputs": "@triggerOutputs()?['body/wb_treatmenttype']",
          "runAfter": {},
          "metadata": {
            "operationMetadataId": "ee55a047-f48e-4d62-b3f0-dac5e18c5054"
          }
        }
      },
      "outputs": {}
    },
    "templateName": null
  },
  "schemaVersion": "1.0.0.0"
}