{
  "properties": {
    "connectionReferences": {
      "shared_commondataserviceforapps": {
        "api": {
          "name": "shared_commondataserviceforapps"
        },
        "connection": {
          "connectionReferenceLogicalName": "new_sharedcommondataserviceforapps_4464d"
        },
        "runtimeSource": "embedded"
      }
    },
    "definition": {
      "$schema": "https://schema.management.azure.com/providers/Microsoft.Logic/schemas/2016-06-01/workflowdefinition.json#",
      "contentVersion": "1.0.0.0",
      "parameters": {
        "$authentication": {
          "defaultValue": {},
          "type": "SecureObject"
        },
        "$connections": {
          "defaultValue": {},
          "type": "Object"
        }
      },
      "triggers": {
        "When_a_row_is_added_or_modified": {
          "type": "OpenApiConnectionWebhook",
          "inputs": {
            "parameters": {
              "subscriptionRequest/message": 4,
              "subscriptionRequest/entityname": "wb_labtest",
              "subscriptionRequest/scope": 4,
              "subscriptionRequest/name": "4478e780-49a6-ef11-a72d-000d3ac9a320"
            },
            "host": {
              "apiId": "/providers/Microsoft.PowerApps/apis/shared_commondataserviceforapps",
              "operationId": "SubscribeWebhookTrigger",
              "connectionName": "shared_commondataserviceforapps"
            }
          },
          "metadata": {
            "operationMetadataId": "5d488c9b-d34b-41be-b33c-f9cc323d7ea3"
          }
        }
      },
      "actions": {
        "List_rows": {
          "type": "OpenApiConnection",
          "inputs": {
            "parameters": {
              "entityName": "wb_labtests",
              "$filter": "_wb_patientid_value eq '@{triggerOutputs()?['body/_wb_patientid_value']}'\n"
            },
            "host": {
              "apiId": "/providers/Microsoft.PowerApps/apis/shared_commondataserviceforapps",
              "operationId": "ListRecords",
              "connectionName": "shared_commondataserviceforapps"
            }
          },
          "runAfter": {
            "Get_a_row_by_ID": [
              "Succeeded"
            ]
          },
          "metadata": {
            "operationMetadataId": "82c6a768-c691-43c4-b387-8c117ddce7b5"
          }
        },
        "Select": {
          "type": "Select",
          "inputs": {
            "from": "@outputs('List_rows')?['body/value']",
            "select": {
              "TestCost": "@item()?['cr7d6_testcost']\r\n"
            }
          },
          "runAfter": {
            "List_rows": [
              "Succeeded"
            ]
          },
          "metadata": {
            "operationMetadataId": "0c0d7c78-c25a-4d51-b8d1-8faac479f2ba"
          }
        },
        "Compose": {
          "type": "Compose",
          "inputs": "@variables('totalCost')",
          "runAfter": {
            "Apply_to_each": [
              "Succeeded"
            ]
          },
          "metadata": {
            "operationMetadataId": "99270c95-b3da-4220-8c6b-64a95895fdc5"
          }
        },
        "Update_a_row": {
          "type": "OpenApiConnection",
          "inputs": {
            "parameters": {
              "entityName": "wb_patientses",
              "recordId": "@outputs('Get_a_row_by_ID')?['body/wb_patientsid']",
              "item/cr1a6_labtestcost": "@outputs('Compose')"
            },
            "host": {
              "apiId": "/providers/Microsoft.PowerApps/apis/shared_commondataserviceforapps",
              "operationId": "UpdateRecord",
              "connectionName": "shared_commondataserviceforapps"
            }
          },
          "runAfter": {
            "Compose": [
              "Succeeded"
            ]
          },
          "metadata": {
            "operationMetadataId": "98c27fcf-ce72-45bb-8cca-cb7b0bb2ce46"
          }
        },
        "Initialize_variable": {
          "type": "InitializeVariable",
          "inputs": {
            "variables": [
              {
                "name": "totalCost",
                "type": "integer",
                "value": 0
              }
            ]
          },
          "runAfter": {
            "Select": [
              "Succeeded"
            ]
          },
          "metadata": {
            "operationMetadataId": "aa8e9756-cbaf-4d1f-91ab-afb918956be3"
          }
        },
        "Apply_to_each": {
          "type": "Foreach",
          "foreach": "@outputs('Select')?['body']",
          "actions": {
            "Increment_variable": {
              "type": "IncrementVariable",
              "inputs": {
                "name": "totalCost",
                "value": "@item()?['TestCost']"
              },
              "metadata": {
                "operationMetadataId": "94f07783-7531-41fd-98b0-11faa364a79f"
              }
            }
          },
          "runAfter": {
            "Initialize_variable": [
              "Succeeded"
            ]
          },
          "metadata": {
            "operationMetadataId": "0fbeab93-fcb3-4d48-8b59-3de0f94913c5"
          }
        },
        "Get_a_row_by_ID": {
          "type": "OpenApiConnection",
          "inputs": {
            "parameters": {
              "entityName": "wb_patientses",
              "recordId": "@triggerOutputs()?['body/_wb_patientid_value']"
            },
            "host": {
              "apiId": "/providers/Microsoft.PowerApps/apis/shared_commondataserviceforapps",
              "operationId": "GetItem",
              "connectionName": "shared_commondataserviceforapps"
            }
          },
          "runAfter": {}
        }
      },
      "outputs": {}
    },
    "templateName": null
  },
  "schemaVersion": "1.0.0.0"
}