{
  "properties": {
    "connectionReferences": {
      "shared_microsoftforms": {
        "runtimeSource": "embedded",
        "connection": {
          "connectionReferenceLogicalName": "wb_sharedmicrosoftforms_dde0f"
        },
        "api": {
          "name": "shared_microsoftforms"
        }
      },
      "shared_commondataserviceforapps": {
        "impersonation": {},
        "runtimeSource": "embedded",
        "connection": {
          "connectionReferenceLogicalName": "new_sharedcommondataserviceforapps_4464d"
        },
        "api": {
          "name": "shared_commondataserviceforapps"
        }
      }
    },
    "definition": {
      "$schema": "https://schema.management.azure.com/providers/Microsoft.Logic/schemas/2016-06-01/workflowdefinition.json#",
      "contentVersion": "1.0.0.0",
      "parameters": {
        "$authentication": {
          "defaultValue": {},
          "type": "SecureObject"
        },
        "$connections": {
          "defaultValue": {},
          "type": "Object"
        }
      },
      "triggers": {
        "When_a_new_response_is_submitted": {
          "splitOn": "@triggerOutputs()?['body/value']",
          "metadata": {
            "operationMetadataId": "187be275-2c8c-4d0e-a860-b31478aebba0"
          },
          "type": "OpenApiConnectionWebhook",
          "inputs": {
            "parameters": {
              "form_id": "Wq6idgCfa0-V7V0z13xNYWCkLxi9zNVNsaRDjCGVbnNUODdCMUw2QVM0VDVZVFFUQkRVNFIxV0ZVQy4u"
            },
            "host": {
              "apiId": "/providers/Microsoft.PowerApps/apis/shared_microsoftforms",
              "connectionName": "shared_microsoftforms",
              "operationId": "CreateFormWebhook"
            },
            "authentication": "@parameters('$authentication')"
          }
        }
      },
      "actions": {
        "Add_a_new_row_1": {
          "runAfter": {
            "Get_response_details": [
              "Succeeded"
            ]
          },
          "metadata": {
            "operationMetadataId": "cd7ef2f0-03a5-452f-a08a-701c3523a522"
          },
          "type": "OpenApiConnection",
          "inputs": {
            "parameters": {
              "entityName": "feedback",
              "item/title": "Patient Feedback",
              "item/crae7_wereyousatisfiedwiththetimedoctorspentadd": "@outputs('Get_response_details')?['body/r755306cf80024db3940f86b2f2abab82']",
              "item/crae7_admissionprocess": "@outputs('Get_response_details')?['body/rbd36dcbe0ddc484780c5d0b9acddda71']",
              "item/crae7_carequality": "@outputs('Get_response_details')?['body/rc34dc40dfbdf4d6fbc1a557bc71ee702']",
              "item/crae7_communication": "@outputs('Get_response_details')?['body/r4541b8cd66f54145ae53363b925ca588']",
              "item/crae7_doyouhaveanysuggestions": "@outputs('Get_response_details')?['body/r56af3f845484440fadc69c6e5ecbda56']",
              "item/crae7_facilities": "@outputs('Get_response_details')?['body/r1f6d5289e669471eab39b70a1d584c0b']",
              "item/crae7_howeasywasittoscheduletheappointment": "@outputs('Get_response_details')?['body/r8b475af8082c40a9a23e2a8ca4f7c887']",
              "item/crae7_howlikelyareyoutorecommendustoothers": "@outputs('Get_response_details')?['body/rf743f75e6ecf406b93a06cc48d8bdbdc']",
              "item/crae7_overallexperience": "@outputs('Get_response_details')?['body/ra1f790bf48ff42d4b4a0147049cc6ed4']",
              "item/wb_patientname": "@outputs('Get_response_details')?['body/r47298a025ff64407940db84223c0933c']",
              "item/crae7_roommaintenance": "@outputs('Get_response_details')?['body/r8ed3d86fe1414bea8229bd646ab9fb56']",
              "item/crae7_staffinteraction": "@outputs('Get_response_details')?['body/rc5cbd9aa41eb4fc9b4129d25759048fc']",
              "item/crae7_wereyouprovidedwithclearinstructionsforfoll": "@outputs('Get_response_details')?['body/r908e58d842854a758e77c788bf6813de']"
            },
            "host": {
              "apiId": "/providers/Microsoft.PowerApps/apis/shared_commondataserviceforapps",
              "connectionName": "shared_commondataserviceforapps",
              "operationId": "CreateRecord"
            },
            "authentication": "@parameters('$authentication')"
          }
        },
        "Get_response_details": {
          "runAfter": {},
          "metadata": {
            "operationMetadataId": "0c9688df-8ee6-4a3a-b503-686ca08b2495"
          },
          "type": "OpenApiConnection",
          "inputs": {
            "parameters": {
              "form_id": "Wq6idgCfa0-V7V0z13xNYWCkLxi9zNVNsaRDjCGVbnNUODdCMUw2QVM0VDVZVFFUQkRVNFIxV0ZVQy4u",
              "response_id": "@triggerOutputs()?['body/resourceData/responseId']"
            },
            "host": {
              "apiId": "/providers/Microsoft.PowerApps/apis/shared_microsoftforms",
              "connectionName": "shared_microsoftforms",
              "operationId": "GetFormResponseById"
            },
            "authentication": "@parameters('$authentication')"
          }
        }
      },
      "outputs": {}
    },
    "templateName": null
  },
  "schemaVersion": "1.0.0.0"
}