{
  "properties": {
    "connectionReferences": {},
    "definition": {
      "$schema": "https://schema.management.azure.com/providers/Microsoft.Logic/schemas/2016-06-01/workflowdefinition.json#",
      "contentVersion": "undefined",
      "parameters": {
        "$authentication": {
          "defaultValue": {},
          "type": "SecureObject"
        },
        "$connections": {
          "defaultValue": {},
          "type": "Object"
        }
      },
      "triggers": {
        "manual": {
          "type": "Request",
          "kind": "Skills",
          "inputs": {
            "schema": {
              "type": "object",
              "properties": {
                "text": {
                  "description": "Please enter your input",
                  "title": "PhoneNumber",
                  "type": "string",
                  "x-ms-content-hint": "TEXT",
                  "x-ms-dynamically-added": true
                }
              },
              "required": [
                "text"
              ]
            }
          }
        }
      },
      "actions": {
        "Compose": {
          "type": "Compose",
          "inputs": "@if(\r\n  and(\r\n    greaterOrEquals(length(variables('PhoneNumber')), 10),\r\n    or(\r\n      startsWith(variables('PhoneNumber'), '6'),\r\n      startsWith(variables('PhoneNumber'), '7'),\r\n      startsWith(variables('PhoneNumber'), '8'),\r\n      startsWith(variables('PhoneNumber'), '9')\r\n    )\r\n  ), \r\n  'Valid', \r\n  'Invalid'\r\n)\r\n",
          "runAfter": {
            "Initialize_variable": [
              "Succeeded"
            ]
          }
        },
        "Initialize_variable": {
          "type": "InitializeVariable",
          "inputs": {
            "variables": [
              {
                "name": "PhoneNumber",
                "type": "string",
                "value": "@triggerBody()?['text']"
              }
            ]
          },
          "runAfter": {}
        },
        "Respond_to_Copilot": {
          "type": "Response",
          "kind": "Skills",
          "inputs": {
            "schema": {
              "type": "object",
              "properties": {
                "phonenumbervalidity": {
                  "title": "PhoneNumberValidity",
                  "description": "",
                  "type": "string",
                  "x-ms-content-hint": "TEXT",
                  "x-ms-dynamically-added": true
                }
              },
              "additionalProperties": {}
            },
            "statusCode": 200,
            "body": {
              "phonenumbervalidity": "@{outputs('Compose')}"
            }
          },
          "runAfter": {
            "Compose": [
              "SUCCEEDED"
            ]
          }
        }
      },
      "description": "The flow begins by requesting user input for a phone number. It checks if the input meets specific criteria: the length must be at least ten characters, and it should start with certain digits (6, 7, 8, or 9). Based on these conditions, the flow determines if the phone number is valid or invalid. The result of this validation is then prepared for further use. The flow ensures that only appropriate phone numbers are accepted, providing a clear distinction between valid and invalid entries based on the defined rules."
    },
    "templateName": null
  },
  "schemaVersion": "1.0.0.0"
}