{
  "properties": {
    "connectionReferences": {
      "shared_commondataserviceforapps-1": {
        "runtimeSource": "embedded",
        "connection": {
          "connectionReferenceLogicalName": "new_sharedcommondataserviceforapps_4464d"
        },
        "api": {
          "name": "shared_commondataserviceforapps"
        }
      }
    },
    "definition": {
      "$schema": "https://schema.management.azure.com/providers/Microsoft.Logic/schemas/2016-06-01/workflowdefinition.json#",
      "contentVersion": "1.0.0.0",
      "parameters": {
        "$connections": {
          "defaultValue": {},
          "type": "Object"
        },
        "$authentication": {
          "defaultValue": {},
          "type": "SecureObject"
        }
      },
      "triggers": {
        "When_a_row_is_added,_modified_or_deleted": {
          "metadata": {
            "operationMetadataId": "34b85813-0a4c-4f24-b66e-139d42cf2113"
          },
          "type": "OpenApiConnectionWebhook",
          "inputs": {
            "host": {
              "connectionName": "shared_commondataserviceforapps-1",
              "operationId": "SubscribeWebhookTrigger",
              "apiId": "/providers/Microsoft.PowerApps/apis/shared_commondataserviceforapps"
            },
            "parameters": {
              "subscriptionRequest/message": 1,
              "subscriptionRequest/entityname": "wb_patients",
              "subscriptionRequest/scope": 4
            },
            "authentication": "@parameters('$authentication')"
          }
        }
      },
      "actions": {
        "Add_a_new_row": {
          "runAfter": {},
          "metadata": {
            "operationMetadataId": "6762418e-f7e5-448c-aaaa-e13d5404f510"
          },
          "type": "OpenApiConnection",
          "inputs": {
            "host": {
              "connectionName": "shared_commondataserviceforapps-1",
              "operationId": "CreateRecord",
              "apiId": "/providers/Microsoft.PowerApps/apis/shared_commondataserviceforapps"
            },
            "parameters": {
              "entityName": "emails",
              "item/description": "Dear @{triggerOutputs()?['body/wb_firstname']},\n\nWe are delighted to welcome you to Wellbeing Bridge Healthcare! Your registration has been successfully completed. You can now access our services and easily book appointments with our healthcare professionals.\n\nRegistration Details:\nName: @{triggerOutputs()?['body/wb_firstname']} @{triggerOutputs()?['body/wb_lastname']}\nEmail: @{triggerOutputs()?['body/wb_email']}\nPhone: @{triggerOutputs()?['body/wb_phonenumber']}\nRegistration Date: @{triggerOutputs()?['body/createdon']}\nYou can now proceed to schedule your first appointment through our platform.\n\nNext Steps:\nBook Your Appointment: Visit our appointment page to select a convenient time for your consultation.\nManage Your Profile: You can update your personal details and medical history anytime by logging into your account.",
              "item/regardingobjectid_wb_patients_email@odata.bind": "wb_patientses(@{triggerOutputs()?['body/wb_patientsid']})",
              "item/subject": "Welcome, @{triggerOutputs()?['body/wb_firstname']} – Your Registration with Wellbeing Bridge is Confirmed!",
              "item/torecipients": "@triggerOutputs()?['body/wb_email']"
            },
            "authentication": "@parameters('$authentication')"
          }
        }
      }
    },
    "templateName": ""
  },
  "schemaVersion": "1.0.0.0"
}