{
  "properties": {
    "connectionReferences": {
      "shared_commondataserviceforapps": {
        "api": {
          "name": "shared_commondataserviceforapps"
        },
        "connection": {
          "connectionReferenceLogicalName": "new_sharedcommondataserviceforapps_4464d"
        },
        "runtimeSource": "embedded"
      }
    },
    "definition": {
      "$schema": "https://schema.management.azure.com/providers/Microsoft.Logic/schemas/2016-06-01/workflowdefinition.json#",
      "contentVersion": "1.0.0.0",
      "parameters": {
        "$authentication": {
          "defaultValue": {},
          "type": "SecureObject"
        },
        "$connections": {
          "defaultValue": {},
          "type": "Object"
        }
      },
      "triggers": {
        "When_a_row_is_added,_modified_or_deleted": {
          "type": "OpenApiConnectionWebhook",
          "inputs": {
            "parameters": {
              "subscriptionRequest/message": 3,
              "subscriptionRequest/entityname": "wb_appointment",
              "subscriptionRequest/scope": 4,
              "subscriptionRequest/filteringattributes": "statuscode",
              "subscriptionRequest/filterexpression": "statuscode eq 127630002",
              "subscriptionRequest/name": "cb1a0280-b98c-ef11-8a69-000d3af25c20"
            },
            "host": {
              "apiId": "/providers/Microsoft.PowerApps/apis/shared_commondataserviceforapps",
              "operationId": "SubscribeWebhookTrigger",
              "connectionName": "shared_commondataserviceforapps"
            }
          },
          "metadata": {
            "operationMetadataId": "4b034c83-f325-45ba-831e-781c4e5b8129"
          }
        }
      },
      "actions": {
        "Get_a_Appointment": {
          "type": "OpenApiConnection",
          "inputs": {
            "parameters": {
              "entityName": "wb_appointments",
              "recordId": "@triggerOutputs()?['body/wb_appointmentid']"
            },
            "host": {
              "apiId": "/providers/Microsoft.PowerApps/apis/shared_commondataserviceforapps",
              "operationId": "GetItem",
              "connectionName": "shared_commondataserviceforapps"
            }
          },
          "runAfter": {},
          "metadata": {
            "operationMetadataId": "8d9692ce-5510-493f-aadf-94087d77fff2"
          }
        },
        "Get_Contact": {
          "type": "OpenApiConnection",
          "inputs": {
            "parameters": {
              "entityName": "contacts",
              "recordId": "@outputs('Get_a_Appointment')?['body/_cr7d6_contact_value']"
            },
            "host": {
              "apiId": "/providers/Microsoft.PowerApps/apis/shared_commondataserviceforapps",
              "operationId": "GetItem",
              "connectionName": "shared_commondataserviceforapps"
            }
          },
          "runAfter": {
            "Get_a_Appointment": [
              "Succeeded"
            ]
          },
          "metadata": {
            "operationMetadataId": "2c592d41-f7ce-466f-b067-4cbb92a33547"
          }
        },
        "Compose": {
          "type": "Compose",
          "inputs": "Appointment has been Cancelled",
          "runAfter": {
            "Get_Patient": [
              "Succeeded"
            ]
          },
          "metadata": {
            "operationMetadataId": "1ff2dd35-e377-4d70-85af-201c63f7c456"
          }
        },
        "Get_Patient": {
          "type": "OpenApiConnection",
          "inputs": {
            "parameters": {
              "entityName": "wb_patientses",
              "recordId": "@outputs('Get_a_Appointment')?['body/_cr7d6_patient_value']"
            },
            "host": {
              "apiId": "/providers/Microsoft.PowerApps/apis/shared_commondataserviceforapps",
              "operationId": "GetItem",
              "connectionName": "shared_commondataserviceforapps"
            }
          },
          "runAfter": {
            "Get_Contact": [
              "Succeeded"
            ]
          },
          "metadata": {
            "operationMetadataId": "3d67dbfb-c218-45a8-9974-10e3fda5594e"
          }
        },
        "Add_a_new_row": {
          "type": "OpenApiConnection",
          "inputs": {
            "parameters": {
              "entityName": "emails",
              "item/description": "Dear @{outputs('Get_Contact')?['body/firstname']},\n\nWe regret to inform you that the appointment scheduled for @{outputs('Get_Patient')?['body/wb_firstname']} on @{triggerOutputs()?['body/wb_dateofappointment']}at WellBeing Bridge Hospital has been canceled.\n\nIf you would like to reschedule or if you have any questions, please contact us at https://cghealth.powerappsportals.com .\nWe apologize for any inconvenience this may cause.\n\nThank you for your understanding.\n\nBest regards,\nWellBeing Bridge Hospital.",
              "item/regardingobjectid_wb_appointment_email@odata.bind": "wb_appointments/@{outputs('Get_a_Appointment')?['body/wb_appointmentid']}",
              "item/subject": "Appointment Cancellation Notification",
              "item/torecipients": "@outputs('Get_Contact')?['body/emailaddress1']"
            },
            "host": {
              "apiId": "/providers/Microsoft.PowerApps/apis/shared_commondataserviceforapps",
              "operationId": "CreateRecord",
              "connectionName": "shared_commondataserviceforapps"
            }
          },
          "runAfter": {
            "Compose": [
              "Succeeded"
            ]
          },
          "metadata": {
            "operationMetadataId": "11a78be9-ecb9-4d04-a25c-99f7d733d795"
          }
        }
      }
    },
    "templateName": null
  },
  "schemaVersion": "1.0.0.0"
}