{
  "properties": {
    "connectionReferences": {
      "shared_commondataserviceforapps": {
        "api": {
          "name": "shared_commondataserviceforapps"
        },
        "connection": {
          "connectionReferenceLogicalName": "new_sharedcommondataserviceforapps_4464d"
        },
        "runtimeSource": "embedded"
      }
    },
    "definition": {
      "$schema": "https://schema.management.azure.com/providers/Microsoft.Logic/schemas/2016-06-01/workflowdefinition.json#",
      "contentVersion": "1.0.0.0",
      "parameters": {
        "$authentication": {
          "defaultValue": {},
          "type": "SecureObject"
        },
        "$connections": {
          "defaultValue": {},
          "type": "Object"
        }
      },
      "triggers": {
        "When_a_row_is_added,_modified_or_deleted": {
          "type": "OpenApiConnectionWebhook",
          "inputs": {
            "parameters": {
              "subscriptionRequest/message": 1,
              "subscriptionRequest/entityname": "contact",
              "subscriptionRequest/scope": 4,
              "subscriptionRequest/name": "fb7cb644-5e8c-ef11-8a69-000d3af25c20"
            },
            "host": {
              "apiId": "/providers/Microsoft.PowerApps/apis/shared_commondataserviceforapps",
              "operationId": "SubscribeWebhookTrigger",
              "connectionName": "shared_commondataserviceforapps"
            }
          },
          "metadata": {
            "operationMetadataId": "8348d636-edb8-4067-833e-05d44d3f1640"
          }
        }
      },
      "actions": {
        "Add_a_new_row": {
          "type": "OpenApiConnection",
          "inputs": {
            "parameters": {
              "entityName": "emails",
              "item/description": "Dear @{triggerOutputs()?['body/firstname']},\nWelcome to Wellbeing Bridge! We’re delighted to have you as part of our community. Your sign up has been successfully completed, and your profile is now active.\nYou can log in to your portal using your registered email and the password you created during registration. Access Your Profile Here. Once logged in, please take a moment to complete your medical history and insurance details.\nThis helps us provide the best possible care for you.\n\nRegister Patient : Visit our patient registration page and complete the registr ation.\nManage Your Profile: You can update your personal details and medical history anytime by logging into your account.\n\nSincerely,\nWellbeing Bridge Team",
              "item/regardingobjectid_contact_email@odata.bind": "contacts/@{triggerOutputs()?['body/contactid']}",
              "item/subject": "Welcome @{triggerOutputs()?['body/firstname']}, to Wellbeing Bridge! Your sign up was successful",
              "item/torecipients": "@triggerOutputs()?['body/emailaddress1']"
            },
            "host": {
              "apiId": "/providers/Microsoft.PowerApps/apis/shared_commondataserviceforapps",
              "operationId": "CreateRecord",
              "connectionName": "shared_commondataserviceforapps"
            }
          },
          "runAfter": {},
          "metadata": {
            "operationMetadataId": "319ebc4e-547a-4672-9b04-24bbdfc7a9fa"
          }
        }
      }
    },
    "templateName": null
  },
  "schemaVersion": "1.0.0.0"
}