{
  "properties": {
    "connectionReferences": {
      "shared_commondataserviceforapps": {
        "api": {
          "name": "shared_commondataserviceforapps"
        },
        "connection": {
          "connectionReferenceLogicalName": "new_sharedcommondataserviceforapps_4464d"
        },
        "runtimeSource": "embedded"
      }
    },
    "definition": {
      "$schema": "https://schema.management.azure.com/providers/Microsoft.Logic/schemas/2016-06-01/workflowdefinition.json#",
      "contentVersion": "1.0.0.0",
      "parameters": {
        "$authentication": {
          "defaultValue": {},
          "type": "SecureObject"
        },
        "$connections": {
          "defaultValue": {},
          "type": "Object"
        }
      },
      "triggers": {
        "When_a_row_is_added,_modified_or_deleted": {
          "type": "OpenApiConnectionWebhook",
          "inputs": {
            "parameters": {
              "subscriptionRequest/message": 1,
              "subscriptionRequest/entityname": "wb_appointment",
              "subscriptionRequest/scope": 4,
              "subscriptionRequest/name": "5e531903-b28c-ef11-8a69-000d3af25c20"
            },
            "host": {
              "apiId": "/providers/Microsoft.PowerApps/apis/shared_commondataserviceforapps",
              "operationId": "SubscribeWebhookTrigger",
              "connectionName": "shared_commondataserviceforapps"
            }
          },
          "metadata": {
            "operationMetadataId": "15002ff4-2b68-4c1d-8c3d-7aa237d5238d"
          }
        }
      },
      "actions": {
        "Get_Appointment": {
          "type": "OpenApiConnection",
          "inputs": {
            "parameters": {
              "entityName": "wb_appointments",
              "recordId": "@triggerOutputs()?['body/wb_appointmentid']"
            },
            "host": {
              "apiId": "/providers/Microsoft.PowerApps/apis/shared_commondataserviceforapps",
              "operationId": "GetItem",
              "connectionName": "shared_commondataserviceforapps"
            }
          },
          "runAfter": {},
          "metadata": {
            "operationMetadataId": "6273cf96-734c-4f6c-b2fe-3cf830ff1e76"
          }
        },
        "Compose": {
          "type": "Compose",
          "inputs": "Your Appointment is Scheduled",
          "runAfter": {
            "Get_a_row_by_ID": [
              "Succeeded"
            ]
          },
          "metadata": {
            "operationMetadataId": "a81e8655-7df2-455e-a86a-40788f16eddf"
          }
        },
        "Get_a_row_by_ID": {
          "type": "OpenApiConnection",
          "inputs": {
            "parameters": {
              "entityName": "wb_patientses",
              "recordId": "@outputs('Get_Appointment')?['body/_cr7d6_patient_value']"
            },
            "host": {
              "apiId": "/providers/Microsoft.PowerApps/apis/shared_commondataserviceforapps",
              "operationId": "GetItem",
              "connectionName": "shared_commondataserviceforapps"
            }
          },
          "runAfter": {
            "Get_Appointment": [
              "Succeeded"
            ]
          },
          "metadata": {
            "operationMetadataId": "93831b28-6c2c-497b-9956-c2ae93021b27"
          }
        },
        "Add_a_new_row": {
          "type": "OpenApiConnection",
          "inputs": {
            "parameters": {
              "entityName": "emails",
              "item/description": "Hello ,\n\nWe are pleased to confirm your appointment at WellBeing Bridge Hospital.\n\nAppointment Details:\n\nDate: @{outputs('Get_Appointment')?['body/wb_dateofappointment']}\n\nLocation: A-791, A-791, Bandra Reclamation Rd, General Arunkumar Vaidya Nagar, Bandra West, Mumbai, Maharashtra 400050\n\nDoctor:\n\nPlease arrive at least 15 Minutes early to complete any necessary paperwork. If you have any questions or need to reschedule, feel free to contact us at https://cghealth.powerappsportals.com .\n\nThank you for choosing WellBeing Bridge Hospital. We look forward to seeing you soon!\n\nBest regards,\nWellBeing Bridge Hospital.",
              "item/regardingobjectid_wb_appointment_email@odata.bind": "wb_appointments/@{outputs('Get_Appointment')?['body/wb_appointmentid']}",
              "item/subject": "Your appointment is Sceduled!!!"
            },
            "host": {
              "apiId": "/providers/Microsoft.PowerApps/apis/shared_commondataserviceforapps",
              "operationId": "CreateRecord",
              "connectionName": "shared_commondataserviceforapps"
            }
          },
          "runAfter": {
            "Compose": [
              "Succeeded"
            ]
          },
          "metadata": {
            "operationMetadataId": "fabd65af-5a30-4ab6-afe4-e2a4d525c47a"
          }
        }
      }
    },
    "templateName": null
  },
  "schemaVersion": "1.0.0.0"
}