{
  "properties": {
    "connectionReferences": {
      "shared_gmail": {
        "runtimeSource": "embedded",
        "connection": {
          "connectionReferenceLogicalName": "new_sharedgmail_1dfdd"
        },
        "api": {
          "name": "shared_gmail"
        }
      },
      "shared_commondataserviceforapps": {
        "runtimeSource": "embedded",
        "connection": {
          "connectionReferenceLogicalName": "new_sharedcommondataserviceforapps_4464d"
        },
        "api": {
          "name": "shared_commondataserviceforapps"
        }
      }
    },
    "definition": {
      "$schema": "https://schema.management.azure.com/providers/Microsoft.Logic/schemas/2016-06-01/workflowdefinition.json#",
      "contentVersion": "1.0.0.0",
      "parameters": {
        "$connections": {
          "defaultValue": {},
          "type": "Object"
        },
        "$authentication": {
          "defaultValue": {},
          "type": "SecureObject"
        }
      },
      "triggers": {
        "When_a_row_is_added,_modified_or_deleted": {
          "metadata": {
            "operationMetadataId": "40fda266-74a0-402b-8395-d4ae502988ff"
          },
          "type": "OpenApiConnectionWebhook",
          "inputs": {
            "parameters": {
              "subscriptionRequest/message": 4,
              "subscriptionRequest/entityname": "wb_appointment",
              "subscriptionRequest/scope": 4,
              "subscriptionRequest/name": "d1c3f8e0-db95-ef11-8a68-000d3af25c20"
            },
            "host": {
              "connectionName": "shared_commondataserviceforapps",
              "operationId": "SubscribeWebhookTrigger",
              "apiId": "/providers/Microsoft.PowerApps/apis/shared_commondataserviceforapps"
            },
            "authentication": "@parameters('$authentication')"
          }
        }
      },
      "actions": {
        "Condition": {
          "actions": {
            "Send_email_(V2)": {
              "runAfter": {
                "Add_a_new_row": [
                  "Succeeded"
                ]
              },
              "metadata": {
                "operationMetadataId": "4f6d0f4f-803b-4009-9c0f-560cf0caf817"
              },
              "type": "OpenApiConnection",
              "inputs": {
                "host": {
                  "connectionName": "shared_gmail",
                  "operationId": "SendEmailV2",
                  "apiId": "/providers/Microsoft.PowerApps/apis/shared_gmail"
                },
                "parameters": {
                  "emailMessage/To": "@outputs('Get_a_row_by_ID')?['body/wb_email']",
                  "emailMessage/Subject": "You have an upcoming appointment",
                  "emailMessage/Body": "<p class=\"editor-paragraph\">Hello @{outputs('Get_a_row_by_ID')?['body/wb_firstname']}, you have an appointment tomorrow. Please arrive 10 minutes earlier to avoid any problems.</p>"
                },
                "authentication": "@parameters('$authentication')"
              }
            },
            "Add_a_new_row": {
              "runAfter": {},
              "metadata": {
                "operationMetadataId": "e3141119-efa0-4690-9d70-386d6e7b02a0"
              },
              "type": "OpenApiConnection",
              "inputs": {
                "parameters": {
                  "entityName": "emails",
                  "item/description": "Hello @{outputs('Get_a_row_by_ID')?['body/wb_firstname']}, you have an appointment tomorrow. Please arrive 10 minutes earlier to avoid any problems.",
                  "item/regardingobjectid_wb_appointment_email@odata.bind": "wb_appointments/@{triggerOutputs()?['body/wb_appointmentid']}",
                  "item/subject": "You have an upcoming appointment",
                  "item/torecipients": "@outputs('Get_a_row_by_ID')?['body/wb_email']"
                },
                "host": {
                  "connectionName": "shared_commondataserviceforapps",
                  "operationId": "CreateRecord",
                  "apiId": "/providers/Microsoft.PowerApps/apis/shared_commondataserviceforapps"
                },
                "authentication": "@parameters('$authentication')"
              }
            }
          },
          "runAfter": {
            "Get_a_row_by_ID": [
              "Succeeded"
            ]
          },
          "expression": {
            "and": [
              {
                "equals": [
                  "@formatDateTime(addDays(utcNow(), 1), 'yyyy-MM-dd')",
                  "@formatDateTime(triggerOutputs()?['body/wb_dateofappointment'], 'yyyy-MM-dd')"
                ]
              }
            ]
          },
          "metadata": {
            "operationMetadataId": "33a65c36-3cd3-42de-b065-fd189e4413c8"
          },
          "type": "If"
        },
        "Get_a_row_by_ID": {
          "runAfter": {},
          "metadata": {
            "operationMetadataId": "a014cfb6-5e7f-4278-a743-749ee166033b"
          },
          "type": "OpenApiConnection",
          "inputs": {
            "parameters": {
              "entityName": "wb_patientses",
              "recordId": "@triggerOutputs()?['body/_cr7d6_patient_value']"
            },
            "host": {
              "connectionName": "shared_commondataserviceforapps",
              "operationId": "GetItem",
              "apiId": "/providers/Microsoft.PowerApps/apis/shared_commondataserviceforapps"
            },
            "authentication": "@parameters('$authentication')"
          }
        }
      },
      "outputs": {}
    },
    "templateName": ""
  },
  "schemaVersion": "1.0.0.0"
}