{
  "properties": {
    "connectionReferences": {
      "shared_commondataserviceforapps": {
        "api": {
          "name": "shared_commondataserviceforapps"
        },
        "connection": {
          "connectionReferenceLogicalName": "new_sharedcommondataserviceforapps_4464d"
        },
        "runtimeSource": "embedded"
      }
    },
    "definition": {
      "$schema": "https://schema.management.azure.com/providers/Microsoft.Logic/schemas/2016-06-01/workflowdefinition.json#",
      "contentVersion": "1.0.0.0",
      "parameters": {
        "$authentication": {
          "defaultValue": {},
          "type": "SecureObject"
        },
        "$connections": {
          "defaultValue": {},
          "type": "Object"
        }
      },
      "triggers": {
        "When_a_row_is_added,_modified_or_deleted": {
          "type": "OpenApiConnectionWebhook",
          "inputs": {
            "parameters": {
              "subscriptionRequest/message": 3,
              "subscriptionRequest/entityname": "wb_appointment",
              "subscriptionRequest/scope": 4,
              "subscriptionRequest/filteringattributes": "statuscode",
              "subscriptionRequest/filterexpression": "statuscode eq 127630001",
              "subscriptionRequest/name": "c8f934d2-b68c-ef11-8a69-000d3af25c20"
            },
            "host": {
              "apiId": "/providers/Microsoft.PowerApps/apis/shared_commondataserviceforapps",
              "operationId": "SubscribeWebhookTrigger",
              "connectionName": "shared_commondataserviceforapps"
            }
          },
          "metadata": {
            "operationMetadataId": "d714fbdc-4705-4f67-b1c9-3d1e3d86d035"
          }
        }
      },
      "actions": {
        "Get_Appointment": {
          "type": "OpenApiConnection",
          "inputs": {
            "parameters": {
              "entityName": "wb_appointments",
              "recordId": "@triggerOutputs()?['body/wb_appointmentid']"
            },
            "host": {
              "apiId": "/providers/Microsoft.PowerApps/apis/shared_commondataserviceforapps",
              "operationId": "GetItem",
              "connectionName": "shared_commondataserviceforapps"
            }
          },
          "runAfter": {},
          "metadata": {
            "operationMetadataId": "a8b0438a-4f02-427f-899f-88ac98eb7fc5"
          }
        },
        "Get_Contact": {
          "type": "OpenApiConnection",
          "inputs": {
            "parameters": {
              "entityName": "contacts",
              "recordId": "@outputs('Get_Appointment')?['body/_cr7d6_contact_value']"
            },
            "host": {
              "apiId": "/providers/Microsoft.PowerApps/apis/shared_commondataserviceforapps",
              "operationId": "GetItem",
              "connectionName": "shared_commondataserviceforapps"
            }
          },
          "runAfter": {
            "Get_Appointment": [
              "Succeeded"
            ]
          },
          "metadata": {
            "operationMetadataId": "c23cd7dd-e773-4da8-9e8c-83c4618292b4"
          }
        },
        "Compose": {
          "type": "Compose",
          "inputs": "Patient Attended the Appointment",
          "runAfter": {
            "Get_Patient": [
              "Succeeded"
            ]
          },
          "metadata": {
            "operationMetadataId": "3cfad931-6d26-433e-811c-c55e1f2fe635"
          }
        },
        "Delay": {
          "type": "Wait",
          "inputs": {
            "interval": {
              "count": 1,
              "unit": "Day"
            }
          },
          "runAfter": {
            "Add_a_new_row": [
              "Succeeded"
            ]
          },
          "metadata": {
            "operationMetadataId": "019d7d9e-82eb-4a14-a7c2-e8bf9889fae2"
          }
        },
        "When_a_row_is_added,_modified_or_deleted_2": {
          "type": "OpenApiConnectionWebhook",
          "inputs": {
            "parameters": {
              "subscriptionRequest/message": 1,
              "subscriptionRequest/entityname": "wb_prescription",
              "subscriptionRequest/scope": 4
            },
            "host": {
              "apiId": "/providers/Microsoft.PowerApps/apis/shared_commondataserviceforapps",
              "operationId": "SubscribeWebhookTrigger",
              "connectionName": "shared_commondataserviceforapps"
            }
          },
          "runAfter": {
            "Add_a_new_row": [
              "Succeeded"
            ]
          },
          "metadata": {
            "operationMetadataId": "ad5564bf-f04d-4db4-92ec-9b0840339693"
          }
        },
        "Get_a_row_by_ID": {
          "type": "OpenApiConnection",
          "inputs": {
            "parameters": {
              "entityName": "wb_prescriptions",
              "recordId": "@outputs('When_a_row_is_added,_modified_or_deleted_2')?['body/wb_prescriptionid']"
            },
            "host": {
              "apiId": "/providers/Microsoft.PowerApps/apis/shared_commondataserviceforapps",
              "operationId": "GetItem",
              "connectionName": "shared_commondataserviceforapps"
            }
          },
          "runAfter": {
            "When_a_row_is_added,_modified_or_deleted_2": [
              "Succeeded"
            ]
          },
          "metadata": {
            "operationMetadataId": "0d0559f4-74b5-4326-b47b-1c57c72d4421"
          }
        },
        "Get_Patient": {
          "type": "OpenApiConnection",
          "inputs": {
            "parameters": {
              "entityName": "wb_patientses",
              "recordId": "@outputs('Get_Appointment')?['body/_cr7d6_patient_value']"
            },
            "host": {
              "apiId": "/providers/Microsoft.PowerApps/apis/shared_commondataserviceforapps",
              "operationId": "GetItem",
              "connectionName": "shared_commondataserviceforapps"
            }
          },
          "runAfter": {
            "Get_Contact": [
              "Succeeded"
            ]
          },
          "metadata": {
            "operationMetadataId": "dd62a0c1-d2f3-49be-869f-aa8a457f6d8e"
          }
        },
        "Add_a_new_row": {
          "type": "OpenApiConnection",
          "inputs": {
            "parameters": {
              "entityName": "emails",
              "item/description": "Dear @{outputs('Get_Contact')?['body/firstname']},\n\nWe are writing to confirm that @{outputs('Get_Patient')?['body/wb_firstname']} attended their appointment at WellBeing Bridge Hospital on @{outputs('Get_Appointment')?['body/wb_dateofappointment']}.\n\nIf you have any follow-up questions or need additional information, please don’t hesitate to reach out to us.\n\nThank you for trusting WellBeing Bridge Hospital with your care!\n\nBest regards,\nWellBeing Bridge Hospital.\n",
              "item/regardingobjectid_wb_appointment_email@odata.bind": "wb_appointments/@{outputs('Get_Appointment')?['body/wb_appointmentid']}",
              "item/subject": "Confirmation of Appointment Attendance...",
              "item/torecipients": "@outputs('Get_Contact')?['body/emailaddress1']"
            },
            "host": {
              "apiId": "/providers/Microsoft.PowerApps/apis/shared_commondataserviceforapps",
              "operationId": "CreateRecord",
              "connectionName": "shared_commondataserviceforapps"
            }
          },
          "runAfter": {
            "Compose": [
              "Succeeded"
            ]
          },
          "metadata": {
            "operationMetadataId": "2bc75488-d47b-4c35-82d0-ad632397a7c8"
          }
        },
        "Add_a_new_row_1": {
          "type": "OpenApiConnection",
          "inputs": {
            "parameters": {
              "entityName": "emails",
              "item/description": "Dear @{outputs('Get_Contact')?['body/firstname']},\n\nWe are sending this email to you to remind you regarding your upcoming follow up appointment.\nPlease schedule your follow up appointment as soon as possible.\n\n",
              "item/subject": "Reminder Follow Up Appointment",
              "item/torecipients": "@outputs('Get_Contact')?['body/emailaddress1']"
            },
            "host": {
              "apiId": "/providers/Microsoft.PowerApps/apis/shared_commondataserviceforapps",
              "operationId": "CreateRecord",
              "connectionName": "shared_commondataserviceforapps"
            }
          },
          "runAfter": {
            "Delay": [
              "Succeeded"
            ]
          },
          "metadata": {
            "operationMetadataId": "6171d6eb-dc19-477c-8747-08b2c4b9a00b"
          }
        },
        "Add_a_new_row_2": {
          "type": "OpenApiConnection",
          "inputs": {
            "parameters": {
              "entityName": "emails",
              "item/description": "Hello @{outputs('Get_Contact')?['body/firstname']},\nI hope this message finds you well. I wanted to inform you that a new prescription has been added to your account. Below are the details:\n\nPrescription Details:\nPatient ID:@{outputs('When_a_row_is_added,_modified_or_deleted_2')?['body/_wb_patientid_value']}\nAppointment Date:@{outputs('When_a_row_is_added,_modified_or_deleted_2')?['body/_wb_appointmentdate_value']}\nMedication:@{outputs('When_a_row_is_added,_modified_or_deleted_2')?['body/cr7d6_medications']}\nInstructions: @{outputs('When_a_row_is_added,_modified_or_deleted_2')?['body/wb_instruction']}\nFollow Up Appointment:@{outputs('When_a_row_is_added,_modified_or_deleted_2')?['body/_wb_followupappointmentdate_value']}\nDoctor ID:@{outputs('When_a_row_is_added,_modified_or_deleted_2')?['body/_wb_doctorid_value@Microsoft.Dynamics.CRM.lookuplogicalname']}\n\nPlease let us know if you have any questions or need further assistance regarding this prescription.\n\nThank you!\n\nBest regards,\nWellBeing Bridge Hospital.\n",
              "item/subject": "New Prescription Added",
              "item/torecipients": "@outputs('Get_Contact')?['body/emailaddress1']"
            },
            "host": {
              "apiId": "/providers/Microsoft.PowerApps/apis/shared_commondataserviceforapps",
              "operationId": "CreateRecord",
              "connectionName": "shared_commondataserviceforapps"
            }
          },
          "runAfter": {
            "Get_a_row_by_ID": [
              "Succeeded"
            ]
          },
          "metadata": {
            "operationMetadataId": "6a080a5f-7f2f-455a-bf33-b1159fd52b22"
          }
        }
      }
    },
    "templateName": null
  },
  "schemaVersion": "1.0.0.0"
}