{
  "properties": {
    "connectionReferences": {
      "shared_commondataserviceforapps": {
        "api": {
          "name": "shared_commondataserviceforapps"
        },
        "connection": {
          "connectionReferenceLogicalName": "new_sharedcommondataserviceforapps_4464d"
        },
        "runtimeSource": "embedded"
      }
    },
    "definition": {
      "$schema": "https://schema.management.azure.com/providers/Microsoft.Logic/schemas/2016-06-01/workflowdefinition.json#",
      "contentVersion": "1.0.0.0",
      "parameters": {
        "$authentication": {
          "defaultValue": {},
          "type": "SecureObject"
        },
        "$connections": {
          "defaultValue": {},
          "type": "Object"
        }
      },
      "triggers": {
        "When_a_row_is_added,_modified_or_deleted": {
          "type": "OpenApiConnectionWebhook",
          "inputs": {
            "parameters": {
              "subscriptionRequest/message": 3,
              "subscriptionRequest/entityname": "incident",
              "subscriptionRequest/scope": 4
            },
            "host": {
              "apiId": "/providers/Microsoft.PowerApps/apis/shared_commondataserviceforapps",
              "operationId": "SubscribeWebhookTrigger",
              "connectionName": "shared_commondataserviceforapps"
            }
          },
          "conditions": [
            {
              "expression": "@equals(triggerOutputs()?['body/wb_firstresponsesent'], 1)"
            }
          ],
          "metadata": {
            "operationMetadataId": "9dc34e3c-e014-48e2-86bb-265fdc87adec"
          }
        }
      },
      "actions": {
        "Get_a_row_by_ID": {
          "type": "OpenApiConnection",
          "inputs": {
            "parameters": {
              "entityName": "wb_patientses",
              "recordId": "@triggerOutputs()?['body/_crae7_patientid_value']"
            },
            "host": {
              "apiId": "/providers/Microsoft.PowerApps/apis/shared_commondataserviceforapps",
              "operationId": "GetItem",
              "connectionName": "shared_commondataserviceforapps"
            }
          },
          "runAfter": {},
          "metadata": {
            "operationMetadataId": "6ca14aa8-d3ff-4d8f-a189-ef0de63c93f4"
          }
        },
        "Add_a_new_row": {
          "type": "OpenApiConnection",
          "inputs": {
            "parameters": {
              "entityName": "emails",
              "item/description": "Dear @{outputs('Get_a_row_by_ID')?['body/wb_firstname']},\n\nWe would like to update you regarding your recent case:\n\n- Case Number: @{triggerOutputs()?['body/ticketnumber']}\n- SLA Status: Success\n- Created On: @{triggerOutputs()?['body/createdon']}\n\nFor further inquiries, please contact our support team.\n\nThank you,\nSupport Team\n",
              "item/regardingobjectid_incident_email@odata.bind": "incidents/@{triggerOutputs()?['body/incidentid']}",
              "item/regardingobjectid_wb_patients_email@odata.bind": "wb_patientses/@{outputs('Get_a_row_by_ID')?['body/wb_patientsid']}",
              "item/subject": "SLA Status",
              "item/torecipients": "@outputs('Get_a_row_by_ID')?['body/wb_email']"
            },
            "host": {
              "apiId": "/providers/Microsoft.PowerApps/apis/shared_commondataserviceforapps",
              "operationId": "CreateRecord",
              "connectionName": "shared_commondataserviceforapps"
            }
          },
          "runAfter": {
            "Get_a_row_by_ID": [
              "Succeeded"
            ]
          },
          "metadata": {
            "operationMetadataId": "5d551881-5e44-4d5e-af0e-88a946454cc2"
          }
        }
      },
      "outputs": {}
    },
    "templateName": null
  },
  "schemaVersion": "1.0.0.0"
}