{
  "properties": {
    "connectionReferences": {
      "shared_commondataserviceforapps": {
        "impersonation": {},
        "runtimeSource": "embedded",
        "connection": {
          "connectionReferenceLogicalName": "new_sharedcommondataserviceforapps_4464d"
        },
        "api": {
          "name": "shared_commondataserviceforapps"
        }
      }
    },
    "definition": {
      "$schema": "https://schema.management.azure.com/providers/Microsoft.Logic/schemas/2016-06-01/workflowdefinition.json#",
      "contentVersion": "1.0.0.0",
      "parameters": {
        "$authentication": {
          "defaultValue": {},
          "type": "SecureObject"
        },
        "$connections": {
          "defaultValue": {},
          "type": "Object"
        }
      },
      "triggers": {
        "When_a_row_is_added,_modified_or_deleted": {
          "type": "OpenApiConnectionWebhook",
          "inputs": {
            "parameters": {
              "subscriptionRequest/message": 1,
              "subscriptionRequest/entityname": "wb_billingsinvoices",
              "subscriptionRequest/scope": 4
            },
            "host": {
              "apiId": "/providers/Microsoft.PowerApps/apis/shared_commondataserviceforapps",
              "connectionName": "shared_commondataserviceforapps",
              "operationId": "SubscribeWebhookTrigger"
            },
            "authentication": "@parameters('$authentication')"
          },
          "runtimeConfiguration": {
            "concurrency": {
              "runs": 100
            }
          }
        }
      },
      "actions": {
        "Get_a_row_by_ID": {
          "runAfter": {},
          "type": "OpenApiConnection",
          "inputs": {
            "parameters": {
              "entityName": "wb_patientses",
              "recordId": "@triggerOutputs()?['body/_wb_patientid_value']"
            },
            "host": {
              "apiId": "/providers/Microsoft.PowerApps/apis/shared_commondataserviceforapps",
              "connectionName": "shared_commondataserviceforapps",
              "operationId": "GetItem"
            },
            "authentication": "@parameters('$authentication')"
          }
        },
        "Get_a_row_by_ID_1": {
          "runAfter": {
            "Get_a_row_by_ID": [
              "Succeeded"
            ]
          },
          "type": "OpenApiConnection",
          "inputs": {
            "parameters": {
              "entityName": "wb_insurances",
              "recordId": "@outputs('Get_a_row_by_ID')?['body/_wb_insuranceid_value']"
            },
            "host": {
              "apiId": "/providers/Microsoft.PowerApps/apis/shared_commondataserviceforapps",
              "connectionName": "shared_commondataserviceforapps",
              "operationId": "GetItem"
            },
            "authentication": "@parameters('$authentication')"
          }
        },
        "Switch": {
          "runAfter": {
            "Initialize_variable": [
              "Succeeded"
            ]
          },
          "cases": {
            "Case": {
              "case": 127630000,
              "actions": {
                "Set_variable": {
                  "type": "SetVariable",
                  "inputs": {
                    "name": "insurance providing company",
                    "value": "Star Health"
                  }
                }
              }
            },
            "Case 2": {
              "case": 127630001,
              "actions": {
                "Set_variable_1": {
                  "type": "SetVariable",
                  "inputs": {
                    "name": "insurance providing company",
                    "value": "Max Bupa Health Insurance"
                  }
                }
              }
            },
            "Case 3": {
              "case": 127630002,
              "actions": {
                "Set_variable_2": {
                  "type": "SetVariable",
                  "inputs": {
                    "name": "insurance providing company",
                    "value": "ICICI Lombard"
                  }
                }
              }
            },
            "Case 4": {
              "case": 127630003,
              "actions": {
                "Set_variable_3": {
                  "type": "SetVariable",
                  "inputs": {
                    "name": "insurance providing company",
                    "value": "HDFC ERGO Health Insurance"
                  }
                }
              }
            },
            "Case 5": {
              "case": 127630004,
              "actions": {
                "Set_variable_4": {
                  "type": "SetVariable",
                  "inputs": {
                    "name": "insurance providing company",
                    "value": "SBI Health Insurance"
                  }
                }
              }
            },
            "Case 6": {
              "case": 127630005,
              "actions": {
                "Set_variable_5": {
                  "type": "SetVariable",
                  "inputs": {
                    "name": "insurance providing company",
                    "value": "Tata AIG Health Insurance"
                  }
                }
              }
            },
            "Case 7": {
              "case": 127630006,
              "actions": {
                "Set_variable_6": {
                  "type": "SetVariable",
                  "inputs": {
                    "name": "insurance providing company",
                    "value": "Aditya Birla Health Insurance"
                  }
                }
              }
            },
            "Case 8": {
              "case": 127630007,
              "actions": {
                "Set_variable_7": {
                  "type": "SetVariable",
                  "inputs": {
                    "name": "insurance providing company",
                    "value": "Bajaj Allianz "
                  }
                }
              }
            }
          },
          "default": {
            "actions": {
              "Set_variable_8": {
                "type": "SetVariable",
                "inputs": {
                  "name": "insurance providing company",
                  "value": "Unknown"
                }
              }
            }
          },
          "expression": "@variables('var choice val1')",
          "type": "Switch"
        },
        "Update_a_row": {
          "runAfter": {
            "Switch": [
              "Succeeded"
            ]
          },
          "type": "OpenApiConnection",
          "inputs": {
            "parameters": {
              "entityName": "wb_billingsinvoiceses",
              "recordId": "@triggerOutputs()?['body/wb_billingsinvoicesid']",
              "item/wb_insuranceprovidingcompany": "@variables('insurance providing company')",
              "item/wb_insuredamount": "@outputs('Get_a_row_by_ID_1')?['body/wb_suminsured']"
            },
            "host": {
              "apiId": "/providers/Microsoft.PowerApps/apis/shared_commondataserviceforapps",
              "connectionName": "shared_commondataserviceforapps",
              "operationId": "UpdateOnlyRecord"
            },
            "authentication": "@parameters('$authentication')"
          }
        },
        "Initialize_variable_1": {
          "runAfter": {
            "Get_a_row_by_ID_1": [
              "Succeeded"
            ]
          },
          "type": "InitializeVariable",
          "inputs": {
            "variables": [
              {
                "name": "var choice val1",
                "type": "integer",
                "value": "@outputs('Get_a_row_by_ID_1')?['body/wb_insuranceprovidingcompany']"
              }
            ]
          }
        },
        "Initialize_variable": {
          "runAfter": {
            "Initialize_variable_1": [
              "Succeeded"
            ]
          },
          "type": "InitializeVariable",
          "inputs": {
            "variables": [
              {
                "name": "insurance providing company",
                "type": "string"
              }
            ]
          }
        }
      },
      "outputs": {}
    },
    "templateName": null
  },
  "schemaVersion": "1.0.0.0"
}