{
  "properties": {
    "connectionReferences": {
      "shared_commondataserviceforapps": {
        "api": {
          "name": "shared_commondataserviceforapps"
        },
        "connection": {
          "connectionReferenceLogicalName": "new_sharedcommondataserviceforapps_4464d"
        },
        "runtimeSource": "embedded"
      }
    },
    "definition": {
      "$schema": "https://schema.management.azure.com/providers/Microsoft.Logic/schemas/2016-06-01/workflowdefinition.json#",
      "contentVersion": "1.0.0.0",
      "parameters": {
        "$authentication": {
          "defaultValue": {},
          "type": "SecureObject"
        },
        "$connections": {
          "defaultValue": {},
          "type": "Object"
        }
      },
      "triggers": {
        "When_a_row_is_added,_modified_or_deleted": {
          "type": "OpenApiConnectionWebhook",
          "inputs": {
            "parameters": {
              "subscriptionRequest/message": 4,
              "subscriptionRequest/entityname": "wb_appointment",
              "subscriptionRequest/scope": 4
            },
            "host": {
              "apiId": "/providers/Microsoft.PowerApps/apis/shared_commondataserviceforapps",
              "operationId": "SubscribeWebhookTrigger",
              "connectionName": "shared_commondataserviceforapps"
            }
          },
          "metadata": {
            "operationMetadataId": "c24b48ce-df95-4dfa-ba5d-0c4a1ae2b9f6"
          }
        }
      },
      "actions": {
        "Condition": {
          "type": "If",
          "expression": {
            "contains": [
              "@triggerOutputs()?['body/wb_dateofappointment']",
              "@triggerOutputs()?['body/wb_dateofappointment']"
            ]
          },
          "actions": {
            "Get_a_row_by_ID": {
              "type": "OpenApiConnection",
              "inputs": {
                "parameters": {
                  "entityName": "wb_patientses",
                  "recordId": "@triggerOutputs()?['body/_cr7d6_patient_value']"
                },
                "host": {
                  "apiId": "/providers/Microsoft.PowerApps/apis/shared_commondataserviceforapps",
                  "operationId": "GetItem",
                  "connectionName": "shared_commondataserviceforapps"
                }
              },
              "metadata": {
                "operationMetadataId": "6c975ee5-3411-44a1-89da-dc1d25a74628"
              }
            },
            "Update_a_row": {
              "type": "OpenApiConnection",
              "inputs": {
                "parameters": {
                  "entityName": "wb_patientses",
                  "recordId": "@outputs('Get_a_row_by_ID')?['body/wb_patientid']",
                  "item/crae7_appointmentdate": "@triggerOutputs()?['body/wb_dateofappointment']"
                },
                "host": {
                  "apiId": "/providers/Microsoft.PowerApps/apis/shared_commondataserviceforapps",
                  "operationId": "UpdateOnlyRecord",
                  "connectionName": "shared_commondataserviceforapps"
                }
              },
              "runAfter": {
                "Get_a_row_by_ID": [
                  "Succeeded"
                ]
              },
              "metadata": {
                "operationMetadataId": "8a3a82e0-9830-46c4-9cb4-9d9dfd8dcc97"
              }
            }
          },
          "else": {
            "actions": {}
          },
          "runAfter": {},
          "metadata": {
            "operationMetadataId": "c45744a3-944e-4a18-b6f9-b8134af4715d"
          }
        }
      },
      "outputs": {}
    },
    "templateName": null
  },
  "schemaVersion": "1.0.0.0"
}