{
  "properties": {
    "connectionReferences": {
      "shared_gmail-1": {
        "runtimeSource": "embedded",
        "connection": {
          "connectionReferenceLogicalName": "new_sharedgmail_1dfdd"
        },
        "api": {
          "name": "shared_gmail"
        }
      },
      "shared_commondataserviceforapps": {
        "runtimeSource": "embedded",
        "connection": {
          "connectionReferenceLogicalName": "new_sharedcommondataserviceforapps_4464d"
        },
        "api": {
          "name": "shared_commondataserviceforapps"
        }
      }
    },
    "definition": {
      "$schema": "https://schema.management.azure.com/providers/Microsoft.Logic/schemas/2016-06-01/workflowdefinition.json#",
      "contentVersion": "1.0.0.0",
      "parameters": {
        "$connections": {
          "defaultValue": {},
          "type": "Object"
        },
        "$authentication": {
          "defaultValue": {},
          "type": "SecureObject"
        }
      },
      "triggers": {
        "When_a_row_is_added,_modified_or_deleted": {
          "metadata": {
            "operationMetadataId": "0bd2708e-e350-46ee-802f-b45ba9b2c629"
          },
          "type": "OpenApiConnectionWebhook",
          "inputs": {
            "parameters": {
              "subscriptionRequest/message": 1,
              "subscriptionRequest/entityname": "wb_appointment",
              "subscriptionRequest/scope": 4,
              "subscriptionRequest/name": "0a9eccdf-0295-ef11-8a68-000d3af25c20"
            },
            "host": {
              "connectionName": "shared_commondataserviceforapps",
              "operationId": "SubscribeWebhookTrigger",
              "apiId": "/providers/Microsoft.PowerApps/apis/shared_commondataserviceforapps"
            },
            "authentication": "@parameters('$authentication')"
          }
        }
      },
      "actions": {
        "Send_email_(V2)": {
          "runAfter": {
            "Add_a_new_row": [
              "Succeeded"
            ]
          },
          "metadata": {
            "operationMetadataId": "e1affdd1-14e2-46f1-aa10-302eb2b79ecb"
          },
          "type": "OpenApiConnection",
          "inputs": {
            "host": {
              "connectionName": "shared_gmail-1",
              "operationId": "SendEmailV2",
              "apiId": "/providers/Microsoft.PowerApps/apis/shared_gmail"
            },
            "parameters": {
              "emailMessage/To": "@outputs('Get_a_row_by_ID')?['body/wb_email']",
              "emailMessage/Subject": "Your appointment request has been received.",
              "emailMessage/Body": "<p class=\"editor-paragraph\">Hello @{outputs('Get_a_row_by_ID')?['body/wb_firstname']}, we have received your appointment request. We will send you a confirmation when its been accepted.</p>"
            },
            "authentication": "@parameters('$authentication')"
          }
        },
        "Get_a_row_by_ID": {
          "runAfter": {
            "Switch": [
              "Succeeded"
            ]
          },
          "metadata": {
            "operationMetadataId": "cfe48aed-8881-401c-ba5c-860a78745d50"
          },
          "type": "OpenApiConnection",
          "inputs": {
            "parameters": {
              "entityName": "wb_patientses",
              "recordId": "@triggerOutputs()?['body/_cr7d6_patient_value']"
            },
            "host": {
              "connectionName": "shared_commondataserviceforapps",
              "operationId": "GetItem",
              "apiId": "/providers/Microsoft.PowerApps/apis/shared_commondataserviceforapps"
            },
            "authentication": "@parameters('$authentication')"
          }
        },
        "Update_a_row": {
          "runAfter": {
            "Get_a_row_by_ID": [
              "Succeeded"
            ]
          },
          "metadata": {
            "operationMetadataId": "baa0494e-694a-4412-9f0a-0901933298db"
          },
          "type": "OpenApiConnection",
          "inputs": {
            "parameters": {
              "entityName": "wb_appointments",
              "recordId": "@triggerOutputs()?['body/wb_appointmentid']",
              "item/wb_age": "@outputs('Get_a_row_by_ID')?['body/wb_age']",
              "item/wb_dateofbirth": "@outputs('Get_a_row_by_ID')?['body/wb_dateofbirth']",
              "item/wb_email": "@outputs('Get_a_row_by_ID')?['body/wb_email']",
              "item/wb_firstnamedata": "@outputs('Get_a_row_by_ID')?['body/wb_firstname']",
              "item/wb_gender": "@outputs('Get_a_row_by_ID')?['body/wb_gender']",
              "item/wb_lastname": "@outputs('Get_a_row_by_ID')?['body/wb_lastname']",
              "item/ownerid@odata.bind": "/systemusers(@{variables('UserGUID')})",
              "item/wb_phonenumber": "@outputs('Get_a_row_by_ID')?['body/wb_phonenumber']"
            },
            "host": {
              "connectionName": "shared_commondataserviceforapps",
              "operationId": "UpdateRecord",
              "apiId": "/providers/Microsoft.PowerApps/apis/shared_commondataserviceforapps"
            },
            "authentication": "@parameters('$authentication')"
          }
        },
        "Switch": {
          "runAfter": {
            "Initialize_variable": [
              "Succeeded"
            ]
          },
          "cases": {
            "Case": {
              "case": "58d417b0-937a-ef11-ac20-000d3af26dbb",
              "actions": {
                "Set_variable": {
                  "runAfter": {},
                  "metadata": {
                    "operationMetadataId": "01844a43-370f-4ad3-9ec1-2d12f5785dd0"
                  },
                  "type": "SetVariable",
                  "inputs": {
                    "name": "UserGUID",
                    "value": "cf448373-958f-ef11-8a69-000d3af25c20"
                  }
                }
              }
            },
            "Case 2": {
              "case": "6cd417b0-937a-ef11-ac20-000d3af26dbb",
              "actions": {
                "Set_variable_1": {
                  "runAfter": {},
                  "metadata": {
                    "operationMetadataId": "f8683851-b469-480a-8934-279506e5b5a7"
                  },
                  "type": "SetVariable",
                  "inputs": {
                    "name": "UserGUID",
                    "value": "6fbb7098-958f-ef11-8a69-000d3af25c20"
                  }
                }
              }
            }
          },
          "default": {
            "actions": {}
          },
          "expression": "@triggerOutputs()?['body/_wb_department_value']",
          "metadata": {
            "operationMetadataId": "e25c21b6-2808-4dae-ba1f-827cf374309f"
          },
          "type": "Switch"
        },
        "Initialize_variable": {
          "runAfter": {},
          "metadata": {
            "operationMetadataId": "48e594a4-be85-46bd-9f33-289be4bd0004"
          },
          "type": "InitializeVariable",
          "inputs": {
            "variables": [
              {
                "name": "UserGUID",
                "type": "string",
                "value": "535e98a8-958f-ef11-8a69-000d3af25c20"
              }
            ]
          }
        },
        "Add_a_new_row": {
          "runAfter": {
            "Get_a_row_by_ID": [
              "Succeeded"
            ]
          },
          "metadata": {
            "operationMetadataId": "dcdd0354-bbe8-4891-955e-b59c141c10f6"
          },
          "type": "OpenApiConnection",
          "inputs": {
            "parameters": {
              "entityName": "emails",
              "item/description": "Hello @{outputs('Get_a_row_by_ID')?['body/wb_firstname']}, we have received your appointment request. We will send you a confirmation when its been accepted.",
              "item/regardingobjectid_wb_appointment_email@odata.bind": "wb_appointments/@{triggerOutputs()?['body/wb_appointmentid']}",
              "item/subject": "Your appointment request has been received.",
              "item/torecipients": "@outputs('Get_a_row_by_ID')?['body/wb_email']"
            },
            "host": {
              "connectionName": "shared_commondataserviceforapps",
              "operationId": "CreateRecord",
              "apiId": "/providers/Microsoft.PowerApps/apis/shared_commondataserviceforapps"
            },
            "authentication": "@parameters('$authentication')"
          }
        }
      },
      "outputs": {}
    },
    "templateName": ""
  },
  "schemaVersion": "1.0.0.0"
}