<powerpagecomponent powerpagecomponentid="3467a395-e2f7-eeb8-2b64-103db85ceac3">
  <content>{"modifiedon":"2024-10-24T15:37:41Z","createdOn":"2024-10-24T15:37:35.502Z","parentpageid":"778b4420-6ecc-49d4-9b59-6e01d0a65d0a","publishingstateid":"47b68c5e-d545-4a4f-8783-a7d757139d20","partialurl":"ORANGE-1.scss","title":"","summary":"ORANGE_DESCRIPTION","enabletracking":false,"excludefromsearch":false,"hiddenfromsitemap":false}</content>
  <iscustomizable>1</iscustomizable>
  <name>ORANGE (1)</name>
  <powerpagecomponenttype>3</powerpagecomponenttype>
  <powerpagesiteid>
    <powerpagesiteid>b23a439a-3767-4574-9af6-0df99f64a560</powerpagesiteid>
  </powerpagesiteid>
  <statecode>0</statecode>
  <statuscode>1</statuscode>
</powerpagecomponent>