<powerpagecomponent powerpagecomponentid="8560a2d3-4a92-ef11-8a69-000d3af25c20">
  <content>{
  "attributelogicalname": "wb_gender",
  "controlstyle": 100000000,
  "type": 100000000,
  "fieldisrequired": false,
  "useattributedescriptionproperty": true,
  "descriptionposition": 100000000,
  "adddescription": false,
  "setvalueonsave": false,
  "ignoredefaultvalue": false,
  "randomizeoptionsetvalues": false,
  "entityform": "774a540c-2392-ef11-8a69-000d3af25c20",
  "entityformforcreate": "774a540c-2392-ef11-8a69-000d3af25c20"
}</content>
  <iscustomizable>1</iscustomizable>
  <name>Patient Create Form wb_gender</name>
  <powerpagecomponenttype>16</powerpagecomponenttype>
  <powerpagesiteid>
    <powerpagesiteid>b23a439a-3767-4574-9af6-0df99f64a560</powerpagesiteid>
  </powerpagesiteid>
  <statecode>0</statecode>
  <statuscode>1</statuscode>
</powerpagecomponent>