<powerpagecomponent powerpagecomponentid="9a3bcf47-c061-43de-ba43-fbaa2bfe6b67">
  <content>{"adx_webpageaccesscontrolrule_webrole":["03cabfc0-dd93-4222-a3de-5272e6d4f8ba"],"right":1,"webpageid":"778b4420-6ecc-49d4-9b59-6e01d0a65d0a"}</content>
  <iscustomizable>1</iscustomizable>
  <name>Grant Change to Administrators</name>
  <powerpagecomponenttype>10</powerpagecomponenttype>
  <powerpagesiteid>
    <powerpagesiteid>b23a439a-3767-4574-9af6-0df99f64a560</powerpagesiteid>
  </powerpagesiteid>
  <statecode>0</statecode>
  <statuscode>1</statuscode>
</powerpagecomponent>