<powerpagecomponent powerpagecomponentid="90dd46eb-c5c5-4834-9505-da72708e7907">
  <content>{"copy":"&lt;p&gt;Please provide some information about yourself.&lt;/p&gt;\r\n\r\n\r\n ","enablerating":false,"enabletracking":false,"excludefromsearch":false,"hiddenfromsitemap":true,"isroot":false,"pagetemplateid":"143ac2a0-0139-466f-a519-1659b292b627","parentpageid":"778b4420-6ecc-49d4-9b59-6e01d0a65d0a","partialurl":"profile","publishingstateid":"47b68c5e-d545-4a4f-8783-a7d757139d20","rootwebpageid":"8145c67c-cfac-4d0d-9698-d0eea4bf2621","sharedpageconfiguration":false,"title":"Profile"}</content>
  <iscustomizable>1</iscustomizable>
  <name>Profile</name>
  <powerpagecomponenttype>2</powerpagecomponenttype>
  <powerpagesiteid>
    <powerpagesiteid>b23a439a-3767-4574-9af6-0df99f64a560</powerpagesiteid>
  </powerpagesiteid>
  <powerpagesitelanguageid>
    <powerpagesitelanguageid>fd05d1db-44d3-4b0d-977d-251c94a63878</powerpagesitelanguageid>
  </powerpagesitelanguageid>
  <searchcontent>Profile&lt;p&gt;Please provide some information about yourself.&lt;/p&gt;


 Profile</searchcontent>
  <statecode>0</statecode>
  <statuscode>1</statuscode>
</powerpagecomponent>