<powerpagecomponent powerpagecomponentid="c5a4d3c2-6124-446d-baa6-e0fec3b18b8e">
  <content>{
  "filecontent": null,
  "componentid": "c5a4d3c2-6124-446d-baa6-e0fec3b18b8e",
  "componenttype": 34,
  "uxcomponenttype": "CardGallery",
  "params": "{\"layout\":{\"id\":\"layout1\",\"options\":{\"rearrangeEnabled\":{\"image\":true,\"title\":true,\"description\":true,\"button\":true,\"textHyperlink\":true},\"hidden\":{\"image\":false,\"title\":false,\"description\":false,\"button\":true,\"textHyperlink\":true},\"index\":{\"image\":0,\"title\":1,\"description\":2,\"button\":3,\"textHyperlink\":4},\"searchEnabled\":false,\"buttonLinkAdjacent\":false},\"configurations\":{\"gallery\":{\"type\":\"grid\",\"overflow\":\"scroll\",\"cards\":{\"elements\":{\"button\":{\"openInNewTab\":false,\"appearance\":\"primary\"},\"textHyperlink\":{\"openInNewTab\":false,\"linkStyle\":\"underline\"},\"image\":{\"size\":\"scale_to_fill\"},\"title\":\"h2\",\"description\":\"p\"}}}}},\"data\":{\"entityLogicalName\":\"wb_doctors\",\"viewId\":\"c112e84e-9d53-4f39-bcda-80495457fa22\",\"elements\":{\"image\":\"cr7d6_displaypicture\",\"title\":\"wb_doctorid\",\"description\":\"cr7d6_description\",\"button\":{\"label\":\"\",\"hyperlink\":\"\"},\"textHyperlink\":{\"label\":\"\",\"hyperlink\":\"\"}}},\"name\":\"Active Doctors\",\"style\":{\"gallery\":{\"backgroundColor\":\"color-mix(in oklch, var(--portalThemeColor1), transparent 100%)\",\"searchEnabled\":false,\"overflow\":\"scroll\"}}}",
  "copy": "undefined"
}</content>
  <iscustomizable>1</iscustomizable>
  <name>Active Doctors</name>
  <powerpagecomponenttype>34</powerpagecomponenttype>
  <powerpagesiteid>
    <powerpagesiteid>b23a439a-3767-4574-9af6-0df99f64a560</powerpagesiteid>
  </powerpagesiteid>
  <statecode>0</statecode>
  <statuscode>1</statuscode>
</powerpagecomponent>