<powerpagecomponent powerpagecomponentid="34a60f6b-4092-ef11-8a69-000d3af25c20">
  <content>{
  "prepopulatefromattribute": "contactid",
  "prepopulatetype": 100000002,
  "attributelogicalname": "wb_contact",
  "type": 100000000,
  "fieldisrequired": false,
  "useattributedescriptionproperty": true,
  "descriptionposition": 100000000,
  "adddescription": false,
  "setvalueonsave": false,
  "ignoredefaultvalue": false,
  "randomizeoptionsetvalues": false,
  "entityform": "bfcad9bb-3f92-ef11-8a69-000d3af25c20",
  "entityformforcreate": "bfcad9bb-3f92-ef11-8a69-000d3af25c20"
}</content>
  <iscustomizable>1</iscustomizable>
  <name>Insurance Create Form wb_contact</name>
  <powerpagecomponenttype>16</powerpagecomponenttype>
  <powerpagesiteid>
    <powerpagesiteid>b23a439a-3767-4574-9af6-0df99f64a560</powerpagesiteid>
  </powerpagesiteid>
  <statecode>0</statecode>
  <statuscode>1</statuscode>
</powerpagecomponent>