<powerpagecomponent powerpagecomponentid="ed89bc48-f87c-454c-aa2c-3f8867ae8c51">
  <content>{"enabletracking":false,"excludefromsearch":false,"hiddenfromsitemap":false,"parentpageid":"778b4420-6ecc-49d4-9b59-6e01d0a65d0a","partialurl":"Cat-PC.png","publishingstateid":"47b68c5e-d545-4a4f-8783-a7d757139d20"}</content>
  <filecontent mimetype="application/octet-stream">Cat-PC.png</filecontent>
  <iscustomizable>1</iscustomizable>
  <name>Cat-PC.png</name>
  <powerpagecomponenttype>3</powerpagecomponenttype>
  <powerpagesiteid>
    <powerpagesiteid>b23a439a-3767-4574-9af6-0df99f64a560</powerpagesiteid>
  </powerpagesiteid>
  <statecode>0</statecode>
  <statuscode>1</statuscode>
</powerpagecomponent>