<powerpagecomponent powerpagecomponentid="78e5c48f-d9f9-4dc0-b3a6-96aa8656bc5d">
  <content>{
  "filecontent": null,
  "entityname": "Contact Table Permission_Attachment",
  "entitylogicalname": "annotation",
  "scope": 756150003,
  "append": true,
  "appendto": true,
  "delete": true,
  "read": true,
  "create": true,
  "write": true,
  "parentrelationship": "Contact_Annotation",
  "parententitypermission": "9cf22272-bba6-47dd-879c-08ebdd7731a1",
  "contactrelationship": null,
  "accountrelationship": null,
  "childTablePermissions": [],
  "adx_entitypermission_webrole": [
    "2bceb3b3-242f-4d5d-9135-4343d3b85f97",
    "03cabfc0-dd93-4222-a3de-5272e6d4f8ba"
  ],
  "copy": "undefined"
}</content>
  <iscustomizable>1</iscustomizable>
  <name>Contact Table Permission_Attachment</name>
  <powerpagecomponenttype>18</powerpagecomponenttype>
  <powerpagesiteid>
    <powerpagesiteid>b23a439a-3767-4574-9af6-0df99f64a560</powerpagesiteid>
  </powerpagesiteid>
  <statecode>0</statecode>
  <statuscode>1</statuscode>
</powerpagecomponent>