<powerpagecomponent powerpagecomponentid="a43092a9-dc5a-64cc-7405-160d7df7cb2b">
  <content>{
  "filecontent": null,
  "displayorder": 2,
  "parentweblinkid": "ab2b8941-1565-2d40-7a12-82d4be71911e",
  "weblinksetid": "a0bcd013-a36a-4447-af0b-d5b4e9ecdd90",
  "pageid": "cf171b2f-d998-466b-63f9-1ef91f7ba34f",
  "publishingstateid": "47b68c5e-d545-4a4f-8783-a7d757139d20",
  "displaypagevalidation": false,
  "displayimageonly": false,
  "displaypagechildlinks": false,
  "openinnewwindow": false,
  "robotsfollowlink": true,
  "copy": "undefined"
}</content>
  <iscustomizable>1</iscustomizable>
  <name>Follow-up Appointments</name>
  <powerpagecomponenttype>5</powerpagecomponenttype>
  <powerpagesiteid>
    <powerpagesiteid>b23a439a-3767-4574-9af6-0df99f64a560</powerpagesiteid>
  </powerpagesiteid>
  <statecode>0</statecode>
  <statuscode>1</statuscode>
</powerpagecomponent>