<powerpagecomponent powerpagecomponentid="57136755-1118-40dc-a282-a063084d5d58">
  <content>{"status":"enable","selectedThemeId":"0f6ab1e0-f1d6-45a7-92d5-e07bd7bb9b6b","siteSettingId":"57136755-1118-40dc-a282-a063084d5d58","version":"V2"}</content>
  <iscustomizable>1</iscustomizable>
  <name>ThemeFeature</name>
  <powerpagecomponenttype>9</powerpagecomponenttype>
  <powerpagesiteid>
    <powerpagesiteid>b23a439a-3767-4574-9af6-0df99f64a560</powerpagesiteid>
  </powerpagesiteid>
  <statecode>0</statecode>
  <statuscode>1</statuscode>
</powerpagecomponent>