<powerpagecomponent powerpagecomponentid="f813be30-3ab2-451f-8966-eda103228d51">
  <content>{"display_name":"Search/Results Title","value":"Results for {{ request.params.q }}"}</content>
  <iscustomizable>1</iscustomizable>
  <name>Search/ResultsTitle</name>
  <powerpagecomponenttype>7</powerpagecomponenttype>
  <powerpagesiteid>
    <powerpagesiteid>b23a439a-3767-4574-9af6-0df99f64a560</powerpagesiteid>
  </powerpagesiteid>
  <powerpagesitelanguageid>
    <powerpagesitelanguageid>fd05d1db-44d3-4b0d-977d-251c94a63878</powerpagesitelanguageid>
  </powerpagesitelanguageid>
  <statecode>0</statecode>
  <statuscode>1</statuscode>
</powerpagecomponent>