<powerpagecomponent powerpagecomponentid="a2667af8-87c8-4e9e-9bd7-29b6ea3f82a2">
  <content>{
  "description": "Sets whether or not the portal can redirect the user to the profile page after successful sign-in. By default, it is set to true.",
  "value": "false"
}</content>
  <iscustomizable>1</iscustomizable>
  <name>Authentication/Registration/ProfileRedirectEnabled</name>
  <powerpagecomponenttype>9</powerpagecomponenttype>
  <powerpagesiteid>
    <powerpagesiteid>b23a439a-3767-4574-9af6-0df99f64a560</powerpagesiteid>
  </powerpagesiteid>
  <statecode>0</statecode>
  <statuscode>1</statuscode>
</powerpagecomponent>