<powerpagecomponent powerpagecomponentid="c70b9b33-4c92-ef11-8a69-000d3af25c20">
  <content>{
  "validationregularexpressionerrormessage": "[{\"LCID\":1033,\"Value\":\"Please enter a valid Indian state or union territory.\"}]",
  "validationregularexpression": "^(Andhra Pradesh|Arunachal Pradesh|Assam|Bihar|Chhattisgarh|Goa|Gujarat|Haryana|Himachal Pradesh|Jharkhand|Karnataka|Kerala|Madhya Pradesh|Maharashtra|Manipur|Meghalaya|Mizoram|Nagaland|Odisha|Punjab|Rajasthan|Sikkim|Tamil Nadu|Telangana|Tripura|Uttar Pradesh|Uttarakhand|West Bengal|Andaman and Nicobar Islands|Chandigarh|Dadra and Nagar Haveli and Daman and Diu|Lakshadweep|Delhi|Puducherry|Ladakh|Jammu and Kashmir)$",
  "attributelogicalname": "wb_addressstateprovince",
  "type": 100000000,
  "fieldisrequired": false,
  "useattributedescriptionproperty": true,
  "descriptionposition": 100000000,
  "adddescription": false,
  "setvalueonsave": false,
  "ignoredefaultvalue": false,
  "randomizeoptionsetvalues": false,
  "entityform": "774a540c-2392-ef11-8a69-000d3af25c20",
  "entityformforcreate": "774a540c-2392-ef11-8a69-000d3af25c20"
}</content>
  <iscustomizable>1</iscustomizable>
  <name>Patient Create Form wb_addressstateprovince</name>
  <powerpagecomponenttype>16</powerpagecomponenttype>
  <powerpagesiteid>
    <powerpagesiteid>b23a439a-3767-4574-9af6-0df99f64a560</powerpagesiteid>
  </powerpagesiteid>
  <statecode>0</statecode>
  <statuscode>1</statuscode>
</powerpagecomponent>