<powerpagecomponent powerpagecomponentid="0a14d51d-781f-4de4-be0c-b0885436beda">
  <content>{"createdOn":"2024-10-24T20:13:36.509Z","parentpageid":"778b4420-6ecc-49d4-9b59-6e01d0a65d0a","publishingstateid":"47b68c5e-d545-4a4f-8783-a7d757139d20","partialurl":"Target-with-various-rings-of-accuracy.jpg","title":"","summary":"","enabletracking":false,"excludefromsearch":false,"hiddenfromsitemap":false}</content>
  <filecontent mimetype="image/jpeg">Target-with-various-rings-of-accuracy.jpg</filecontent>
  <iscustomizable>1</iscustomizable>
  <name>Target-with-various-rings-of-accuracy.jpg</name>
  <powerpagecomponenttype>3</powerpagecomponenttype>
  <powerpagesiteid>
    <powerpagesiteid>b23a439a-3767-4574-9af6-0df99f64a560</powerpagesiteid>
  </powerpagesiteid>
  <statecode>0</statecode>
  <statuscode>1</statuscode>
</powerpagecomponent>