<DiagnosisInformation>
    <!-- Symptom-Based Diagnosis -->
    <Symptoms>
        <!-- Symptom 1 -->
        <Symptom>
            <Name>Fever</Name>
            <PossibleDiagnoses>
                <Diagnosis>
                    <Name>Common Cold</Name>
                    <Description>A viral infection causing congestion, sneezing, and sore throat.</Description>
                    <Advice>Rest, drink fluids, and take over-the-counter medications if necessary.</Advice>
                    <Severity>Mild</Severity>
                </Diagnosis>
                <Diagnosis>
                    <Name>Flu (Influenza)</Name>
                    <Description>A viral infection causing fever, body aches, and fatigue.</Description>
                    <Advice>Rest, drink fluids, and take antiviral medication if prescribed.</Advice>
                    <Severity>Moderate</Severity>
                </Diagnosis>
                <Diagnosis>
                    <Name>COVID-19</Name>
                    <Description>A viral respiratory infection with fever, cough, and shortness of breath.</Description>
                    <Advice>Self-isolate, get tested, and seek medical attention if symptoms worsen.</Advice>
                    <Severity>Serious</Severity>
                </Diagnosis>
                <Diagnosis>
                    <Name>Malaria</Name>
                    <Description>A mosquito-borne disease causing recurring high fever, chills, and sweating.</Description>
                    <Advice>Consult a doctor immediately for treatment; antimalarial drugs are needed.</Advice>
                    <Severity>Serious</Severity>
                </Diagnosis>
            </PossibleDiagnoses>
        </Symptom>

        <!-- Symptom 2 -->
        <Symptom>
            <Name>Headache</Name>
            <PossibleDiagnoses>
                <Diagnosis>
                    <Name>Migraine</Name>
                    <Description>Intense headache often accompanied by nausea and sensitivity to light or sound.</Description>
                    <Advice>Rest in a dark room, avoid triggers, and take prescribed migraine medications.</Advice>
                    <Severity>Moderate</Severity>
                </Diagnosis>
                <Diagnosis>
                    <Name>Tension Headache</Name>
                    <Description>A mild to moderate headache often caused by stress or muscle strain.</Description>
                    <Advice>Take over-the-counter pain relievers and practice relaxation techniques.</Advice>
                    <Severity>Mild</Severity>
                </Diagnosis>
                <Diagnosis>
                    <Name>Sinusitis</Name>
                    <Description>Inflammation of the sinuses causing pain and pressure in the forehead or cheeks.</Description>
                    <Advice>Use nasal decongestants, and consult a doctor if symptoms persist.</Advice>
                    <Severity>Mild</Severity>
                </Diagnosis>
                <Diagnosis>
                    <Name>Brain Tumor</Name>
                    <Description>A rare, serious cause of persistent headaches accompanied by neurological symptoms.</Description>
                    <Advice>Seek immediate medical attention for imaging and diagnosis.</Advice>
                    <Severity>Critical</Severity>
                </Diagnosis>
            </PossibleDiagnoses>
        </Symptom>

        <!-- Symptom 3 -->
        <Symptom>
            <Name>Chest Pain</Name>
            <PossibleDiagnoses>
                <Diagnosis>
                    <Name>Angina</Name>
                    <Description>Chest pain due to reduced blood flow to the heart muscle.</Description>
                    <Advice>Rest and consult a doctor for potential heart disease evaluation.</Advice>
                    <Severity>Serious</Severity>
                </Diagnosis>
                <Diagnosis>
                    <Name>Heart Attack</Name>
                    <Description>Severe chest pain often radiating to the arm, back, or neck, with shortness of breath.</Description>
                    <Advice>Seek emergency medical care immediately.</Advice>
                    <Severity>Critical</Severity>
                </Diagnosis>
                <Diagnosis>
                    <Name>Gastroesophageal Reflux Disease (GERD)</Name>
                    <Description>Chest discomfort caused by acid reflux, often mistaken for heart pain.</Description>
                    <Advice>Avoid trigger foods, take antacids, and consult a doctor if frequent.</Advice>
                    <Severity>Moderate</Severity>
                </Diagnosis>
                <Diagnosis>
                    <Name>Pulmonary Embolism</Name>
                    <Description>Sudden chest pain with difficulty breathing caused by a blood clot in the lungs.</Description>
                    <Advice>Seek immediate medical care for emergency intervention.</Advice>
                    <Severity>Critical</Severity>
                </Diagnosis>
            </PossibleDiagnoses>
        </Symptom>

        <!-- Symptom 4 -->
        <Symptom>
            <Name>Fatigue</Name>
            <PossibleDiagnoses>
                <Diagnosis>
                    <Name>Anemia</Name>
                    <Description>A condition characterized by a lack of red blood cells, causing fatigue and weakness.</Description>
                    <Advice>Consult a doctor for blood tests and iron supplements.</Advice>
                    <Severity>Mild</Severity>
                </Diagnosis>
                <Diagnosis>
                    <Name>Chronic Fatigue Syndrome</Name>
                    <Description>Long-lasting fatigue not improved by rest, often with muscle or joint pain.</Description>
                    <Advice>Consult a doctor for evaluation and management of symptoms.</Advice>
                    <Severity>Moderate</Severity>
                </Diagnosis>
                <Diagnosis>
                    <Name>Hypothyroidism</Name>
                    <Description>A condition where the thyroid gland doesn't produce enough hormones, leading to fatigue.</Description>
                    <Advice>Take prescribed thyroid hormone replacement therapy after diagnosis.</Advice>
                    <Severity>Moderate</Severity>
                </Diagnosis>
                <Diagnosis>
                    <Name>Depression</Name>
                    <Description>Fatigue and loss of interest in daily activities often linked to mood disorders.</Description>
                    <Advice>Consult a mental health professional for diagnosis and treatment.</Advice>
                    <Severity>Serious</Severity>
                </Diagnosis>
            </PossibleDiagnoses>
        </Symptom>

        <!-- Symptom 5 -->
        <Symptom>
            <Name>Shortness of Breath</Name>
            <PossibleDiagnoses>
                <Diagnosis>
                    <Name>Asthma</Name>
                    <Description>A chronic condition causing airway inflammation and difficulty breathing.</Description>
                    <Advice>Use prescribed inhalers and avoid triggers such as allergens and smoke.</Advice>
                    <Severity>Moderate</Severity>
                </Diagnosis>
                <Diagnosis>
                    <Name>Pneumonia</Name>
                    <Description>Lung infection causing cough, fever, and difficulty breathing.</Description>
                    <Advice>Seek medical care for antibiotics and possibly hospitalization.</Advice>
                    <Severity>Serious</Severity>
                </Diagnosis>
                <Diagnosis>
                    <Name>Chronic Obstructive Pulmonary Disease (COPD)</Name>
                    <Description>A progressive lung disease causing breathing difficulties, often linked to smoking.</Description>
                    <Advice>Quit smoking, use prescribed medications, and consult a doctor for regular care.</Advice>
                    <Severity>Serious</Severity>
                </Diagnosis>
                <Diagnosis>
                    <Name>Heart Failure</Name>
                    <Description>Shortness of breath caused by the heart's inability to pump blood effectively.</Description>
                    <Advice>Seek immediate medical attention for diagnosis and treatment.</Advice>
                    <Severity>Critical</Severity>
                </Diagnosis>
            </PossibleDiagnoses>
        </Symptom>

        <!-- Symptom 6 -->
        <Symptom>
            <Name>Nausea and Vomiting</Name>
            <PossibleDiagnoses>
                <Diagnosis>
                    <Name>Gastroenteritis</Name>
                    <Description>Inflammation of the stomach and intestines caused by infection.</Description>
                    <Advice>Stay hydrated and consult a doctor if symptoms persist or worsen.</Advice>
                    <Severity>Mild</Severity>
                </Diagnosis>
                <Diagnosis>
                    <Name>Food Poisoning</Name>
                    <Description>Nausea, vomiting, and diarrhea caused by contaminated food or drink.</Description>
                    <Advice>Stay hydrated, rest, and consult a doctor if symptoms are severe.</Advice>
                    <Severity>Moderate</Severity>
                </Diagnosis>
                <Diagnosis>
                    <Name>Appendicitis</Name>
                    <Description>Severe abdominal pain with nausea and vomiting, indicating inflammation of the appendix.</Description>
                    <Advice>Seek emergency surgery immediately to prevent rupture.</Advice>
                    <Severity>Critical</Severity>
                </Diagnosis>
                <Diagnosis>
                    <Name>Pregnancy</Name>
                    <Description>Early pregnancy can cause nausea and vomiting, commonly known as morning sickness.</Description>
                    <Advice>Consult a doctor for confirmation and prenatal care.</Advice>
                    <Severity>Mild</Severity>
                </Diagnosis>
            </PossibleDiagnoses>
        </Symptom>
    </Symptoms>
</DiagnosisInformation>
