<powerpagecomponent powerpagecomponentid="17503bf1-648b-5224-6259-7c95cfa92dd8">
  <content>{
  "description": "This is the default studio template. Please do not modify.",
  "type": 756150001,
  "usewebsiteheaderandfooter": true,
  "webtemplateid": "b759c1a3-a34a-c2d6-92fe-2e8c8c45a812",
  "isdefault": false,
  "copy": "undefined"
}</content>
  <iscustomizable>1</iscustomizable>
  <name>Default studio template</name>
  <powerpagecomponenttype>6</powerpagecomponenttype>
  <powerpagesiteid>
    <powerpagesiteid>b23a439a-3767-4574-9af6-0df99f64a560</powerpagesiteid>
  </powerpagesiteid>
  <statecode>0</statecode>
  <statuscode>1</statuscode>
</powerpagecomponent>