<powerpagecomponent powerpagecomponentid="8442a576-7a96-e299-b15b-4277f2434cd5">
  <content>{
  "filecontent": null,
  "displayorder": 3,
  "parentweblinkid": "ab2b8941-1565-2d40-7a12-82d4be71911e",
  "weblinksetid": "a0bcd013-a36a-4447-af0b-d5b4e9ecdd90",
  "pageid": "6d4dd97c-060c-00c0-4a69-760a4cc3ac99",
  "publishingstateid": "47b68c5e-d545-4a4f-8783-a7d757139d20",
  "displaypagevalidation": false,
  "displayimageonly": false,
  "displaypagechildlinks": false,
  "openinnewwindow": false,
  "robotsfollowlink": true,
  "copy": "undefined"
}</content>
  <iscustomizable>1</iscustomizable>
  <name>Prescriptions</name>
  <powerpagecomponenttype>5</powerpagecomponenttype>
  <powerpagesiteid>
    <powerpagesiteid>b23a439a-3767-4574-9af6-0df99f64a560</powerpagesiteid>
  </powerpagesiteid>
  <statecode>1</statecode>
  <statuscode>2</statuscode>
</powerpagecomponent>