<powerpagecomponent powerpagecomponentid="46c5ad64-89a3-4395-98a6-0013d2f4a2f1">
  <content>{"createdOn":"2024-10-24T16:01:02.229Z","parentpageid":"778b4420-6ecc-49d4-9b59-6e01d0a65d0a","publishingstateid":"47b68c5e-d545-4a4f-8783-a7d757139d20","partialurl":"WellnessBridge.png","title":"","summary":"","enabletracking":false,"excludefromsearch":false,"hiddenfromsitemap":false}</content>
  <filecontent mimetype="image/png">WellnessBridge.png</filecontent>
  <iscustomizable>1</iscustomizable>
  <name>WellnessBridge.png</name>
  <powerpagecomponenttype>3</powerpagecomponenttype>
  <powerpagesiteid>
    <powerpagesiteid>b23a439a-3767-4574-9af6-0df99f64a560</powerpagesiteid>
  </powerpagesiteid>
  <statecode>0</statecode>
  <statuscode>1</statuscode>
</powerpagecomponent>