<powerpagecomponent powerpagecomponentid="f300ecbb-98fa-4449-8d96-c4f2386cdeef">
  <content>{"enablerating":false,"enabletracking":false,"excludefromsearch":true,"hiddenfromsitemap":true,"isroot":true,"pagetemplateid":"4718af67-c098-43c9-ad6f-f0cba94449d7","parentpageid":"778b4420-6ecc-49d4-9b59-6e01d0a65d0a","partialurl":"access-denied","publishingstateid":"47b68c5e-d545-4a4f-8783-a7d757139d20","sharedpageconfiguration":false}</content>
  <iscustomizable>1</iscustomizable>
  <name>Access Denied</name>
  <powerpagecomponenttype>2</powerpagecomponenttype>
  <powerpagesiteid>
    <powerpagesiteid>b23a439a-3767-4574-9af6-0df99f64a560</powerpagesiteid>
  </powerpagesiteid>
  <searchcontent>Access Denied</searchcontent>
  <statecode>0</statecode>
  <statuscode>1</statuscode>
</powerpagecomponent>