<powerpagecomponent powerpagecomponentid="f26d5422-4a92-ef11-8a69-000d3af25c20">
  <content>{
  "validationregularexpressionerrormessage": "[{\"LCID\":1033,\"Value\":\"The value must be at least ₹100,000. Please enter a number greater than or equal to ₹100,000.\"}]",
  "validationregularexpression": "^(100000|[1-9]\\d{5,})$",
  "attributelogicalname": "wb_suminsured",
  "type": 100000000,
  "fieldisrequired": false,
  "useattributedescriptionproperty": true,
  "descriptionposition": 100000000,
  "adddescription": false,
  "setvalueonsave": false,
  "ignoredefaultvalue": false,
  "randomizeoptionsetvalues": false,
  "entityform": "bfcad9bb-3f92-ef11-8a69-000d3af25c20",
  "entityformforcreate": "bfcad9bb-3f92-ef11-8a69-000d3af25c20"
}</content>
  <iscustomizable>1</iscustomizable>
  <name>Insurance Create Form wb_suminsured</name>
  <powerpagecomponenttype>16</powerpagecomponenttype>
  <powerpagesiteid>
    <powerpagesiteid>b23a439a-3767-4574-9af6-0df99f64a560</powerpagesiteid>
  </powerpagesiteid>
  <statecode>0</statecode>
  <statuscode>1</statuscode>
</powerpagecomponent>