<powerpagecomponent powerpagecomponentid="72041993-4c3f-48b5-beec-6bd4f4206574">
  <content>{
  "componentid": "72041993-4c3f-48b5-beec-6bd4f4206574",
  "componenttype": 34,
  "uxcomponenttype": "CardGallery",
  "params": "{\"layout\":{\"id\":\"layout1\",\"options\":{\"rearrangeEnabled\":{\"image\":true,\"title\":true,\"description\":true,\"button\":true,\"textHyperlink\":true},\"hidden\":{\"image\":false,\"title\":false,\"description\":false,\"button\":false,\"textHyperlink\":true},\"index\":{\"image\":0,\"title\":1,\"description\":2,\"button\":3,\"textHyperlink\":4},\"searchEnabled\":false},\"configurations\":{\"gallery\":{\"type\":\"grid\",\"overflow\":\"scroll\",\"cards\":{\"elements\":{\"button\":{\"openInNewTab\":false},\"textHyperlink\":{\"openInNewTab\":false}}}}}},\"data\":{\"entityLogicalName\":\"contact\",\"viewId\":\"00000000-0000-0000-00aa-000010001004\",\"elements\":{\"image\":\"\",\"title\":\"fullname\",\"description\":\"\",\"button\":{\"label\":\"\",\"hyperlink\":\"\"},\"textHyperlink\":{\"label\":\"\",\"hyperlink\":\"\"}}},\"name\":\"Active Contacts\"}",
  "copy": "undefined"
}</content>
  <iscustomizable>1</iscustomizable>
  <name>Active Contacts</name>
  <powerpagecomponenttype>34</powerpagecomponenttype>
  <powerpagesiteid>
    <powerpagesiteid>b23a439a-3767-4574-9af6-0df99f64a560</powerpagesiteid>
  </powerpagesiteid>
  <statecode>0</statecode>
  <statuscode>1</statuscode>
</powerpagecomponent>