<powerpagecomponent powerpagecomponentid="8145c67c-cfac-4d0d-9698-d0eea4bf2621">
  <content>{"enablerating":false,"enabletracking":false,"excludefromsearch":false,"hiddenfromsitemap":true,"isroot":true,"pagetemplateid":"143ac2a0-0139-466f-a519-1659b292b627","parentpageid":"778b4420-6ecc-49d4-9b59-6e01d0a65d0a","partialurl":"profile","publishingstateid":"47b68c5e-d545-4a4f-8783-a7d757139d20","sharedpageconfiguration":false,"title":"Profile"}</content>
  <iscustomizable>1</iscustomizable>
  <name>Profile</name>
  <powerpagecomponenttype>2</powerpagecomponenttype>
  <powerpagesiteid>
    <powerpagesiteid>b23a439a-3767-4574-9af6-0df99f64a560</powerpagesiteid>
  </powerpagesiteid>
  <searchcontent>ProfileProfile</searchcontent>
  <statecode>0</statecode>
  <statuscode>1</statuscode>
</powerpagecomponent>