<botcomponent schemaname="cr7d6_6d71da3b-1bd2-4cc1-b217-3789d0c4b441.topic.MultipleTopicsMatched">
  <componenttype>9</componenttype>
  <description>This system topic triggers when the copilot matches multiple Topics with the incoming message and needs to clarify which one should be triggered.</description>
  <iscustomizable>0</iscustomizable>
  <name>Multiple Topics Matched</name>
  <parentbotid>
    <schemaname>cr7d6_6d71da3b-1bd2-4cc1-b217-3789d0c4b441</schemaname>
  </parentbotid>
</botcomponent>