<powerpagecomponent powerpagecomponentid="0ba4d39e-179d-ef11-8a69-000d3af25c20">
  <content>{
  "description": "DateTime/DateFormat",
  "value": "dd-MMM-yyyy"
}</content>
  <iscustomizable>1</iscustomizable>
  <name>DateTime/DateFormat</name>
  <powerpagecomponenttype>9</powerpagecomponenttype>
  <powerpagesiteid>
    <powerpagesiteid>b23a439a-3767-4574-9af6-0df99f64a560</powerpagesiteid>
  </powerpagesiteid>
  <statecode>0</statecode>
  <statuscode>1</statuscode>
</powerpagecomponent>