<powerpagecomponent powerpagecomponentid="83f6e053-1f92-40fa-aad9-29ba2c9655d8">
  <content>{"createdOn":"2024-10-24T20:15:04.812Z","parentpageid":"778b4420-6ecc-49d4-9b59-6e01d0a65d0a","publishingstateid":"47b68c5e-d545-4a4f-8783-a7d757139d20","partialurl":"Happy-healthcare-professional-with-patient.jpg","title":"","summary":"","enabletracking":false,"excludefromsearch":false,"hiddenfromsitemap":false}</content>
  <filecontent mimetype="image/jpeg">Happy-healthcare-professional-with-patient.jpg</filecontent>
  <iscustomizable>1</iscustomizable>
  <name>Happy-healthcare-professional-with-patient.jpg</name>
  <powerpagecomponenttype>3</powerpagecomponenttype>
  <powerpagesiteid>
    <powerpagesiteid>b23a439a-3767-4574-9af6-0df99f64a560</powerpagesiteid>
  </powerpagesiteid>
  <statecode>0</statecode>
  <statuscode>1</statuscode>
</powerpagecomponent>