<HospitalInformation>
    <!-- Hospital Basic Information -->
    <HospitalDetails>
        <Name>Wellness Bridge Hospital</Name>
        <Address>123 Wellness Lane, Health City</Address>
        <ContactNumber>+1-800-555-1234</ContactNumber>
        <Website>https://wellnessbridgehospital.com</Website>
    </HospitalDetails>

    <!-- Hospital Services and Departments -->
    <Services>
        <Service>
            <Name>Cardiology</Name>
            <Description>Comprehensive cardiac care including heart disease diagnosis and treatment.</Description>
            <Hours>Monday-Friday: 8 AM - 5 PM</Hours>
            <Contact>Dr. John Stevens</Contact>
        </Service>
        <Service>
            <Name>Pediatrics</Name>
            <Description>Child healthcare services including immunizations and child wellness checkups.</Description>
            <Hours>Monday-Saturday: 9 AM - 4 PM</Hours>
            <Contact>Dr. Sarah Collins</Contact>
        </Service>
        <Service>
            <Name>Neurology</Name>
            <Description>Treatment of brain, spinal cord, and nerve disorders.</Description>
            <Hours>Monday-Friday: 10 AM - 6 PM</Hours>
            <Contact>Dr. Emily Turner</Contact>
        </Service>
        <Service>
            <Name>Orthopedics</Name>
            <Description>Bone and joint care, including surgical interventions and rehabilitation.</Description>
            <Hours>Monday-Saturday: 8 AM - 3 PM</Hours>
            <Contact>Dr. Richard Adams</Contact>
        </Service>
    </Services>

    <!-- Doctor Availability and Specializations -->
    <Doctors>
        <Doctor>
            <FirstName>John</FirstName>
            <LastName>Stevens</LastName>
            <Specialization>Cardiology</Specialization>
            <PhoneNumber>+1-800-123-5678</PhoneNumber>
            <Email>john.stevens@wellnessbridge.com</Email>
            <YearsOfExperience>15</YearsOfExperience>
            <Schedule>Monday-Friday: 8 AM - 5 PM</Schedule>
        </Doctor>
        <Doctor>
            <FirstName>Sarah</FirstName>
            <LastName>Collins</LastName>
            <Specialization>Pediatrics</Specialization>
            <PhoneNumber>+1-800-456-7890</PhoneNumber>
            <Email>sarah.collins@wellnessbridge.com</Email>
            <YearsOfExperience>10</YearsOfExperience>
            <Schedule>Monday-Saturday: 9 AM - 4 PM</Schedule>
        </Doctor>
        <Doctor>
            <FirstName>Emily</FirstName>
            <LastName>Turner</LastName>
            <Specialization>Neurology</Specialization>
            <PhoneNumber>+1-800-234-3456</PhoneNumber>
            <Email>emily.turner@wellnessbridge.com</Email>
            <YearsOfExperience>12</YearsOfExperience>
            <Schedule>Monday-Friday: 10 AM - 6 PM</Schedule>
        </Doctor>
    </Doctors>

    <!-- Contact Information -->
    <Contacts>
        <Contact>
            <Type>Emergency Services</Type>
            <PhoneNumber>+1-800-123-4567</PhoneNumber>
            <Available>24/7</Available>
        </Contact>
        <Contact>
            <Type>Billing Department</Type>
            <PhoneNumber>+1-800-555-7891</PhoneNumber>
            <Email>billing@wellnessbridge.com</Email>
            <Available>Monday-Friday: 9 AM - 5 PM</Available>
        </Contact>
        <Contact>
            <Type>Appointment Scheduling</Type>
            <PhoneNumber>+1-800-555-1234</PhoneNumber>
            <Available>Monday-Saturday: 8 AM - 6 PM</Available>
        </Contact>
    </Contacts>

    <!-- Facilities Information -->
    <Facilities>
        <Facility>
            <Name>Cafeteria</Name>
            <Description>Healthy meals available for patients and visitors.</Description>
            <Hours>Monday-Sunday: 7 AM - 9 PM</Hours>
            <Location>Ground Floor, Block A</Location>
        </Facility>
        <Facility>
            <Name>Pharmacy</Name>
            <Description>Onsite pharmacy for prescription medicines and over-the-counter drugs.</Description>
            <Hours>Monday-Sunday: 8 AM - 8 PM</Hours>
            <Location>First Floor, Block B</Location>
        </Facility>
        <Facility>
            <Name>Parking</Name>
            <Description>Valet parking available for patients and visitors.</Description>
            <Location>Main entrance, Block B</Location>
            <Cost>$5/hour</Cost>
        </Facility>
    </Facilities>

    <!-- Insurance and Payment Information -->
    <InsuranceAndPayment>
        <Insurance>
            <Provider>BlueCross BlueShield</Provider>
            <Accepted>true</Accepted>
        </Insurance>
        <Insurance>
            <Provider>United Healthcare</Provider>
            <Accepted>true</Accepted>
        </Insurance>
        <Payment>
            <Method>Credit Card, Cash, Online Payment</Method>
        </Payment>
    </InsuranceAndPayment>

    <!-- Patient Guidelines and Policies -->
    <Policies>
        <Guideline>
            <Policy>Visiting Hours</Policy>
            <Description>General wards: 2 PM - 5 PM; ICU: 1 visitor allowed, 4 PM - 5 PM.</Description>
        </Guideline>
        <Guideline>
            <Policy>COVID-19 Safety Protocols</Policy>
            <Description>Masks required at all times. One visitor per patient.</Description>
        </Guideline>
        <Guideline>
            <Policy>Patient Rights</Policy>
            <Description>Patients have the right to privacy, respectful care, and to be informed about their treatment.</Description>
        </Guideline>
    </Policies>

    <!-- Emergency Services -->
    <EmergencyServices>
        <EmergencyService>
            <Name>Emergency Room</Name>
            <Description>Available 24/7 for all medical emergencies.</Description>
            <Contact>+1-800-ER-HOSPITAL</Contact>
        </EmergencyService>
        <EmergencyService>
            <Name>Ambulance Service</Name>
            <Description>Emergency ambulance available 24/7. Call +1-800-555-9999.</Description>
        </EmergencyService>
    </EmergencyServices>

    <!-- Health Packages and Checkups -->
    <HealthPackages>
        <HealthPackage>
            <Name>Annual Checkup</Name>
            <Description>Comprehensive health checkup including blood tests, X-rays, and doctor consultation.</Description>
            <Price>$200</Price>
        </HealthPackage>
        <HealthPackage>
            <Name>Cardiac Screening</Name>
            <Description>Complete heart screening including ECG and cholesterol tests.</Description>
            <Price>$250</Price>
        </HealthPackage>
    </HealthPackages>

    <!-- Wellness Programs -->
    <WellnessPrograms>
        <WellnessProgram>
            <Name>Weight Loss Program</Name>
            <Description>Personalized weight loss plan with diet and exercise monitoring by experts.</Description>
            <Contact>nutrition@wellnessbridge.com</Contact>
        </WellnessProgram>
        <WellnessProgram>
            <Name>Smoking Cessation Program</Name>
            <Description>A program designed to help patients quit smoking through counseling and medication.</Description>
            <Contact>wellness@wellnessbridge.com</Contact>
        </WellnessProgram>
    </WellnessPrograms>

    <!-- Prescription and Pharmacy Services -->
    <PharmacyServices>
        <Pharmacy>
            <Name>Hospital Pharmacy</Name>
            <Hours>Monday-Sunday: 8 AM - 8 PM</Hours>
            <DeliveryAvailable>true</DeliveryAvailable>
        </Pharmacy>
    </PharmacyServices>

    <!-- Appointment Information -->
    <Appointments>
        <AppointmentType>
            <Type>Telemedicine</Type>
            <Description>Virtual consultation with doctors from home.</Description>
            <BookingMethod>Online or via chatbot</BookingMethod>
        </AppointmentType>
        <AppointmentType>
            <Type>In-Person Consultation</Type>
            <Description>Face-to-face consultation at the hospital with a specialist.</Description>
            <BookingMethod>Call or via chatbot</BookingMethod>
        </AppointmentType>
    </Appointments>

    <!-- Patient Assistance Programs -->
    <PatientAssistance>
        <Program>
            <Name>Financial Aid Program</Name>
            <Description>Assistance for low-income patients to cover medical expenses.</Description>
            <Eligibility>Income below $30,000/year</Eligibility>
        </Program>
    </PatientAssistance>

    <!-- Visiting Hours and Visitor Guidelines -->
    <VisitingHours>
        <Ward>General Wards</Ward>
        <Hours>2 PM - 5 PM</Hours>
    </VisitingHours>
    <VisitingHours>
        <Ward>ICU</Ward>
        <Hours>4 PM - 5 PM</Hours>
        <Restrictions>Max 1 visitor per patient</Restrictions>
    </VisitingHours>

    <!-- Health Resources and Educational Material -->
    <HealthResources>
        <Resource>
            <Title>Heart Disease Prevention Guide</Title>
            <Link>https://wellnessbridge.com/heart-prevention</Link>
        </Resource>
        <Resource>
            <Title>Children's Nutrition Tips</Title>
            <Link>https://wellnessbridge.com/child-nutrition</Link>
        </Resource>
    </HealthResources>

</HospitalInformation>
