<powerpagecomponent powerpagecomponentid="51325d89-d780-bca0-ede8-cf52a07ce194">
  <content>{"filecontent":null,"displayorder":3,"customcss":"","customjavascript":"","pagetemplateid":"17503bf1-648b-5224-6259-7c95cfa92dd8","parentpageid":"ccb8c8ea-f2fd-2369-1b86-bbdcef585a19","partialurl":"Follow-up-Appointments","isroot":false,"rootwebpageid":"cf171b2f-d998-466b-63f9-1ef91f7ba34f","title":"Follow-up Appointments","summary":"&lt;p&gt;This is a sample landing page designed to be a starting point for your website&lt;/p&gt;","copy":"&lt;div class=\"row sectionBlockLayout\" style=\"display: flex; flex-wrap: wrap; padding: 8px; margin: 0px; min-height: 15px;\"&gt;&lt;/div&gt;\n&lt;div class=\"row sectionBlockLayout text-start\" style='display: flex; flex-wrap: wrap; margin: 0px; min-height: auto; padding: 8px; background-image: linear-gradient(0deg, rgba(42, 44, 46, 0.77), rgba(42, 44, 46, 0.77)), url(\"/Healthcare-7.jpg\"); background-position: center center; background-repeat: no-repeat; background-size: cover;'&gt;\n  &lt;div class=\"container\" style=\"padding: 0px; display: flex; flex-wrap: wrap;\"&gt;\n    &lt;div class=\"col-lg-12 columnBlockLayout\" style=\"flex-grow: 1; display: flex; flex-direction: column; min-width: 250px; word-break: break-word;\"&gt;\n      &lt;h1 style=\"text-align: center; color: var(--portalThemeColor7); font-size: 65px; font-weight: 600;\"&gt;Book your follow-up appointments here!&amp;nbsp;&lt;/h1&gt;\n      &lt;h2 style=\"text-align: center; color: var(--portalThemeColor7); font-size: 26px; font-weight: 500;\"&gt;Patients don’t care about your policies. They care about how you treat them.&lt;/h2&gt;\n    &lt;/div&gt;\n  &lt;/div&gt;\n&lt;/div&gt;\n&lt;div class=\"row sectionBlockLayout\" style=\"display: flex; flex-wrap: wrap; padding: 8px; margin: 0px; min-height: 15px;\"&gt;&lt;/div&gt;\n&lt;div class=\"row sectionBlockLayout\" style=\"display: flex; flex-wrap: wrap; padding: 8px; margin: 0px; min-height: 15px;\"&gt;&lt;/div&gt;\n&lt;div class=\"row sectionBlockLayout text-start\" style=\"display: flex; flex-wrap: wrap; margin: 0px; min-height: auto; padding: 8px;\"&gt;\n  &lt;div class=\"container\" style=\"padding: 0px; display: flex; flex-wrap: wrap;\"&gt;&lt;div class=\"col-lg-12 columnBlockLayout\" style=\"flex-grow: 1; display: flex; flex-direction: column; min-width: 250px;\"&gt;{% include 'entity_list' key: 'Follow Up Appointments' AISummaryTitle: 'Summarized by AI' isAISummaryExpanded: 'false' isAISummaryEnabled: 'false' isModern: 'true' rowStyle:'{\"root\":{\"color\":\"color-mix(in oklch, var(--portalThemeColor8), transparent 0%)\",\"border\":\"0px solid var(--portalThemeColor10)\"}}' headerStyle:'{\"root\":{\"backgroundColor\":\"color-mix(in oklch, var(--portalThemeColor7), transparent 0%)\"}}' tableStyle:'{\"border\":\"0px solid var(--portalThemeColor1)\"}' %}&lt;/div&gt;&lt;/div&gt;\n&lt;/div&gt;\n&lt;div class=\"row sectionBlockLayout\" style=\"display: flex; flex-wrap: wrap; padding: 8px; margin: 0px; min-height: 15px;\"&gt;&lt;/div&gt;\n","publishingstateid":"47b68c5e-d545-4a4f-8783-a7d757139d20","enablerating":false,"enabletracking":false,"excludefromsearch":false,"hiddenfromsitemap":true,"sharedpageconfiguration":false}</content>
  <iscustomizable>1</iscustomizable>
  <name>Follow-up Appointments</name>
  <powerpagecomponenttype>2</powerpagecomponenttype>
  <powerpagesiteid>
    <powerpagesiteid>b23a439a-3767-4574-9af6-0df99f64a560</powerpagesiteid>
  </powerpagesiteid>
  <powerpagesitelanguageid>
    <powerpagesitelanguageid>fd05d1db-44d3-4b0d-977d-251c94a63878</powerpagesitelanguageid>
  </powerpagesitelanguageid>
  <searchcontent>Follow-up Appointments&lt;div class="row sectionBlockLayout" style="display: flex; flex-wrap: wrap; padding: 8px; margin: 0px; min-height: 15px;"&gt;&lt;/div&gt;
&lt;div class="row sectionBlockLayout text-start" style='display: flex; flex-wrap: wrap; margin: 0px; min-height: auto; padding: 8px; background-image: linear-gradient(0deg, rgba(42, 44, 46, 0.77), rgba(42, 44, 46, 0.77)), url("/Healthcare-7.jpg"); background-position: center center; background-repeat: no-repeat; background-size: cover;'&gt;
  &lt;div class="container" style="padding: 0px; display: flex; flex-wrap: wrap;"&gt;
    &lt;div class="col-lg-12 columnBlockLayout" style="flex-grow: 1; display: flex; flex-direction: column; min-width: 250px; word-break: break-word;"&gt;
      &lt;h1 style="text-align: center; color: var(--portalThemeColor7); font-size: 65px; font-weight: 600;"&gt;Book your follow-up appointments here!&amp;nbsp;&lt;/h1&gt;
      &lt;h2 style="text-align: center; color: var(--portalThemeColor7); font-size: 26px; font-weight: 500;"&gt;Patients don’t care about your policies. They care about how you treat them.&lt;/h2&gt;
    &lt;/div&gt;
  &lt;/div&gt;
&lt;/div&gt;
&lt;div class="row sectionBlockLayout" style="display: flex; flex-wrap: wrap; padding: 8px; margin: 0px; min-height: 15px;"&gt;&lt;/div&gt;
&lt;div class="row sectionBlockLayout" style="display: flex; flex-wrap: wrap; padding: 8px; margin: 0px; min-height: 15px;"&gt;&lt;/div&gt;
&lt;div class="row sectionBlockLayout text-start" style="display: flex; flex-wrap: wrap; margin: 0px; min-height: auto; padding: 8px;"&gt;
  &lt;div class="container" style="padding: 0px; display: flex; flex-wrap: wrap;"&gt;&lt;div class="col-lg-12 columnBlockLayout" style="flex-grow: 1; display: flex; flex-direction: column; min-width: 250px;"&gt;{% include 'entity_list' key: 'Follow Up Appointments' AISummaryTitle: 'Summarized by AI' isAISummaryExpanded: 'false' isAISummaryEnabled: 'false' isModern: 'true' rowStyle:'{"root":{"color":"color-mix(in oklch, var(--portalThemeColor8), transparent 0%)","border":"0px solid var(--portalThemeColor10)"}}' headerStyle:'{"root":{"backgroundColor":"color-mix(in oklch, var(--portalThemeColor7), transparent 0%)"}}' tableStyle:'{"border":"0px solid var(--portalThemeColor1)"}' %}&lt;/div&gt;&lt;/div&gt;
&lt;/div&gt;
&lt;div class="row sectionBlockLayout" style="display: flex; flex-wrap: wrap; padding: 8px; margin: 0px; min-height: 15px;"&gt;&lt;/div&gt;
Follow-up Appointments</searchcontent>
  <statecode>0</statecode>
  <statuscode>1</statuscode>
</powerpagecomponent>