<powerpagecomponent powerpagecomponentid="b759c1a3-a34a-c2d6-92fe-2e8c8c45a812">
  <content>{
  "source": "&lt;!-- Default studio template. Please do not modify --&gt;\r&lt;div id=\"mainContent\" class=\"wrapper-body\" role=\"main\"&gt;\r\n    &lt;div class=\"page-copy\"&gt;\r\n        {% editable page 'adx_copy' type: 'html', liquid: true %}\r\n    &lt;/div&gt;\r&lt;/div&gt;",
  "copy": "undefined"
}</content>
  <iscustomizable>1</iscustomizable>
  <name>Default studio template</name>
  <powerpagecomponenttype>8</powerpagecomponenttype>
  <powerpagesiteid>
    <powerpagesiteid>b23a439a-3767-4574-9af6-0df99f64a560</powerpagesiteid>
  </powerpagesiteid>
  <statecode>0</statecode>
  <statuscode>1</statuscode>
</powerpagecomponent>