<powerpagecomponent powerpagecomponentid="de63d3a1-5c35-1445-b5ff-5ad77feec856">
  <content>{
  "filecontent": null,
  "displayorder": 2,
  "parentweblinkid": "e03205cb-1460-bd62-e648-bb6b84bc45a3",
  "weblinksetid": "a0bcd013-a36a-4447-af0b-d5b4e9ecdd90",
  "pageid": "7ac3b308-6392-4847-d427-c9169aaf3b2d",
  "publishingstateid": "47b68c5e-d545-4a4f-8783-a7d757139d20",
  "displaypagevalidation": false,
  "displayimageonly": false,
  "displaypagechildlinks": false,
  "openinnewwindow": false,
  "robotsfollowlink": true,
  "copy": "undefined"
}</content>
  <iscustomizable>1</iscustomizable>
  <name>Insurance Details</name>
  <powerpagecomponenttype>5</powerpagecomponenttype>
  <powerpagesiteid>
    <powerpagesiteid>b23a439a-3767-4574-9af6-0df99f64a560</powerpagesiteid>
  </powerpagesiteid>
  <statecode>0</statecode>
  <statuscode>1</statuscode>
</powerpagecomponent>