<botcomponent schemaname="cr7d6_6d71da3b-1bd2-4cc1-b217-3789d0c4b441.component.DiagnosisInformation.xml_5Sz">
  <componenttype>14</componenttype>
  <description>This knowledge source searches information contained in DiagnosisInformation.xml</description>
  <filedata mimetype="text/xml">DiagnosisInformation.xml</filedata>
  <iscustomizable>0</iscustomizable>
  <name>DiagnosisInformation.xml</name>
  <parentbotid>
    <schemaname>cr7d6_6d71da3b-1bd2-4cc1-b217-3789d0c4b441</schemaname>
  </parentbotid>
</botcomponent>