<powerpagecomponent powerpagecomponentid="ccb8c8ea-f2fd-2369-1b86-bbdcef585a19">
  <content>{
  "filecontent": null,
  "displayorder": 5,
  "customcss": "",
  "customjavascript": "",
  "pagetemplateid": "4718af67-c098-43c9-ad6f-f0cba94449d7",
  "parentpageid": "778b4420-6ecc-49d4-9b59-6e01d0a65d0a",
  "partialurl": "Book-Appointment",
  "isroot": true,
  "title": "Book Appointment",
  "summary": "&lt;p&gt;This is a sample landing page designed to be a starting point for your website&lt;/p&gt;",
  "copy": "",
  "publishingstateid": "47b68c5e-d545-4a4f-8783-a7d757139d20",
  "enablerating": false,
  "enabletracking": false,
  "excludefromsearch": false,
  "hiddenfromsitemap": true,
  "sharedpageconfiguration": false
}</content>
  <iscustomizable>1</iscustomizable>
  <name>Book Appointment</name>
  <powerpagecomponenttype>2</powerpagecomponenttype>
  <powerpagesiteid>
    <powerpagesiteid>b23a439a-3767-4574-9af6-0df99f64a560</powerpagesiteid>
  </powerpagesiteid>
  <searchcontent>Book AppointmentBook Appointment</searchcontent>
  <statecode>0</statecode>
  <statuscode>1</statuscode>
</powerpagecomponent>