<botcomponent schemaname="cr7d6_6d71da3b-1bd2-4cc1-b217-3789d0c4b441.component.WellnessBridgeHospitalInfo.xml_8nS">
  <componenttype>14</componenttype>
  <description>This knowledge source searches information contained in WellnessBridgeHospitalInfo.xml</description>
  <filedata mimetype="text/xml">WellnessBridgeHospitalInfo.xml</filedata>
  <iscustomizable>0</iscustomizable>
  <name>WellnessBridgeHospitalInfo.xml</name>
  <parentbotid>
    <schemaname>cr7d6_6d71da3b-1bd2-4cc1-b217-3789d0c4b441</schemaname>
  </parentbotid>
</botcomponent>