<powerpagecomponent powerpagecomponentid="c77a309b-cca7-427e-8eb9-6b6119520c7e">
  <content>{"disablepagevalidation":false,"displayimageonly":false,"displayorder":1,"displaypagechildlinks":false,"openinnewwindow":false,"pageid":"8145c67c-cfac-4d0d-9698-d0eea4bf2621","publishingstateid":"47b68c5e-d545-4a4f-8783-a7d757139d20","robotsfollowlink":true,"weblinksetid":"fb55f50d-065f-4e40-9c04-0d112f707a48"}</content>
  <iscustomizable>1</iscustomizable>
  <name>Profile</name>
  <powerpagecomponenttype>5</powerpagecomponenttype>
  <powerpagesiteid>
    <powerpagesiteid>b23a439a-3767-4574-9af6-0df99f64a560</powerpagesiteid>
  </powerpagesiteid>
  <statecode>0</statecode>
  <statuscode>1</statuscode>
</powerpagecomponent>