<powerpagecomponent powerpagecomponentid="143ac2a0-0139-466f-a519-1659b292b627">
  <content>{"entityname":"adx_webpage","isdefault":false,"rewriteurl":"~/Pages/Profile.aspx","usewebsiteheaderandfooter":true}</content>
  <iscustomizable>1</iscustomizable>
  <name>Profile</name>
  <powerpagecomponenttype>6</powerpagecomponenttype>
  <powerpagesiteid>
    <powerpagesiteid>b23a439a-3767-4574-9af6-0df99f64a560</powerpagesiteid>
  </powerpagesiteid>
  <statecode>0</statecode>
  <statuscode>1</statuscode>
</powerpagecomponent>