<powerpagecomponent powerpagecomponentid="eff8d5dc-4992-ef11-8a69-000d3af25c20">
  <content>{
  "validationregularexpressionerrormessage": "[{\"LCID\":1033,\"Value\":\"Please enter a valid doctor’s name using only letters, spaces, hyphens, apostrophes, or periods.\"}]",
  "validationregularexpression": "^[a-zA-Z\\s\\-'.]*$",
  "attributelogicalname": "wb_referredbydoctor",
  "type": 100000000,
  "fieldisrequired": false,
  "useattributedescriptionproperty": true,
  "descriptionposition": 100000000,
  "adddescription": false,
  "setvalueonsave": false,
  "ignoredefaultvalue": false,
  "randomizeoptionsetvalues": false,
  "entityform": "ef319065-3392-ef11-8a69-000d3af25c20",
  "entityformforcreate": "ef319065-3392-ef11-8a69-000d3af25c20"
}</content>
  <iscustomizable>1</iscustomizable>
  <name>Appointment Create Form wb_referredbydoctor</name>
  <powerpagecomponenttype>16</powerpagecomponenttype>
  <powerpagesiteid>
    <powerpagesiteid>b23a439a-3767-4574-9af6-0df99f64a560</powerpagesiteid>
  </powerpagesiteid>
  <statecode>0</statecode>
  <statuscode>1</statuscode>
</powerpagecomponent>