<powerpagecomponent powerpagecomponentid="388e5483-c805-483e-9e37-f492d01b81cd">
  <content>{"createdOn":"2024-10-24T20:13:55.486Z","parentpageid":"778b4420-6ecc-49d4-9b59-6e01d0a65d0a","publishingstateid":"47b68c5e-d545-4a4f-8783-a7d757139d20","partialurl":"Doctor-consulting-with-patient-in-exam-room.jpg","title":"","summary":"","enabletracking":false,"excludefromsearch":false,"hiddenfromsitemap":false}</content>
  <filecontent mimetype="image/jpeg">Doctor-consulting-with-patient-in-exam-room.jpg</filecontent>
  <iscustomizable>1</iscustomizable>
  <name>Doctor-consulting-with-patient-in-exam-room.jpg</name>
  <powerpagecomponenttype>3</powerpagecomponenttype>
  <powerpagesiteid>
    <powerpagesiteid>b23a439a-3767-4574-9af6-0df99f64a560</powerpagesiteid>
  </powerpagesiteid>
  <statecode>0</statecode>
  <statuscode>1</statuscode>
</powerpagecomponent>