<powerpagecomponent powerpagecomponentid="201629af-082a-48f4-8e1a-6dcaf52c8f3c">
  <content>{
  "filecontent": null,
  "display_name": "Mobile Header",
  "type": 756150001,
  "value": "&lt;a href=\"~/\"&gt;{% if snippets['Logo URL'] %}&lt;img src=\"{{ snippets['Logo URL'] }}\" alt=\"{{ snippets['Logo alt text'] }}\" style=\"width: auto; height: 32px; margin: 0 10px;\"&gt;{% endif %}\n  {% if snippets['Site name'] %}&lt;h1 class=\"siteTitle custom-sitetitle\"&gt;{{ snippets['Site name'] }}&lt;/h1&gt;{% endif %}\n&lt;/a&gt;",
  "copy": "undefined"
}</content>
  <iscustomizable>1</iscustomizable>
  <name>Mobile Header</name>
  <powerpagecomponenttype>7</powerpagecomponenttype>
  <powerpagesiteid>
    <powerpagesiteid>b23a439a-3767-4574-9af6-0df99f64a560</powerpagesiteid>
  </powerpagesiteid>
  <powerpagesitelanguageid>
    <powerpagesitelanguageid>fd05d1db-44d3-4b0d-977d-251c94a63878</powerpagesitelanguageid>
  </powerpagesitelanguageid>
  <statecode>0</statecode>
  <statuscode>1</statuscode>
</powerpagecomponent>