<environmentvariabledefinition schemaname="wb_AppointmentDashboard">
  <defaultvalue>{"group":{"id":"7a2e00eb-f209-47b0-adf6-dbc9cad98d88","name":"Wellness being"},"component":{"id":"aedae7e1-c223-422e-b8f0-821cc858bd8c","name":"Appointment data in power bi.pbix","type":"Dashboard","embedUrl":"https://app.powerbi.com/dashboardEmbed"}}</defaultvalue>
  <displayname default="Appointment Dashboard">
    <label description="Appointment Dashboard" languagecode="1033" />
  </displayname>
  <introducedversion>2.1.0.1</introducedversion>
  <iscustomizable>1</iscustomizable>
  <isrequired>0</isrequired>
  <secretstore>0</secretstore>
  <type>100000003</type>
</environmentvariabledefinition>