<powerpagecomponent powerpagecomponentid="ca9501cb-04d8-40c4-bb88-722d65cc885d">
  <content>{"createdOn":"2024-10-24T19:15:24.506Z","parentpageid":"778b4420-6ecc-49d4-9b59-6e01d0a65d0a","publishingstateid":"47b68c5e-d545-4a4f-8783-a7d757139d20","partialurl":"Residential-complex-of-apartment-buildings-with-doors-leading-to-balconies-along-treelined-paved-pathway-with-bicycles.jpg","title":"","summary":"","enabletracking":false,"excludefromsearch":false,"hiddenfromsitemap":false}</content>
  <filecontent mimetype="image/jpeg">Residential-complex-of-apartment-buildings-with-doors-leading-to-balconies-along-treelined-paved-pathway-with-bicycles.jpg</filecontent>
  <iscustomizable>1</iscustomizable>
  <name>Residential-complex-of-apartment-buildings-with-doors-leading-to-balconies-along-treelined-paved-pathway-with-bicycles.jpg</name>
  <powerpagecomponenttype>3</powerpagecomponenttype>
  <powerpagesiteid>
    <powerpagesiteid>b23a439a-3767-4574-9af6-0df99f64a560</powerpagesiteid>
  </powerpagesiteid>
  <statecode>0</statecode>
  <statuscode>1</statuscode>
</powerpagecomponent>