<powerpagecomponent powerpagecomponentid="5202270d-0d32-311d-fd37-017d29fbbfce">
  <content>{
  "filecontent": null,
  "displayorder": 6,
  "weblinksetid": "a0bcd013-a36a-4447-af0b-d5b4e9ecdd90",
  "pageid": "2e57f5b1-06d7-e29c-ee73-23af4b7cfa96",
  "publishingstateid": "47b68c5e-d545-4a4f-8783-a7d757139d20",
  "displaypagevalidation": false,
  "displayimageonly": false,
  "displaypagechildlinks": false,
  "openinnewwindow": false,
  "robotsfollowlink": true,
  "copy": "undefined",
  "parentweblinkid": null
}</content>
  <iscustomizable>1</iscustomizable>
  <name>About us</name>
  <powerpagecomponenttype>5</powerpagecomponenttype>
  <powerpagesiteid>
    <powerpagesiteid>b23a439a-3767-4574-9af6-0df99f64a560</powerpagesiteid>
  </powerpagesiteid>
  <statecode>0</statecode>
  <statuscode>1</statuscode>
</powerpagecomponent>