<powerpagecomponent powerpagecomponentid="c665a388-1e8c-4989-b1c5-d0bca4069a1e">
  <content>{"status":"enable","selectedThemeId":"329a43fa-5471-4678-8330-d3a0b404e9bb","siteSettingId":"c665a388-1e8c-4989-b1c5-d0bca4069a1e","version":"V2"}</content>
  <iscustomizable>1</iscustomizable>
  <name>ThemeFeature</name>
  <powerpagecomponenttype>9</powerpagecomponenttype>
  <powerpagesiteid>
    <powerpagesiteid>b23a439a-3767-4574-9af6-0df99f64a560</powerpagesiteid>
  </powerpagesiteid>
  <statecode>0</statecode>
  <statuscode>1</statuscode>
</powerpagecomponent>