<powerpagecomponent powerpagecomponentid="419924c7-32f3-4b65-b0b5-97e1e2bce652">
  <content>{"modifiedon":"2024-10-24T15:24:42Z","displayorder":10,"enabletracking":false,"excludefromsearch":true,"hiddenfromsitemap":false,"parentpageid":"778b4420-6ecc-49d4-9b59-6e01d0a65d0a","partialurl":"portalbasictheme.css","publishingstateid":"47b68c5e-d545-4a4f-8783-a7d757139d20"}</content>
  <filecontent mimetype="text/css">portalbasictheme.css</filecontent>
  <iscustomizable>1</iscustomizable>
  <name>portalbasictheme.css</name>
  <powerpagecomponenttype>3</powerpagecomponenttype>
  <powerpagesiteid>
    <powerpagesiteid>b23a439a-3767-4574-9af6-0df99f64a560</powerpagesiteid>
  </powerpagesiteid>
  <statecode>0</statecode>
  <statuscode>1</statuscode>
</powerpagecomponent>